section,routing_rule,routing_action,reject_rule,effective_action
top-proxy,"DOMAIN,browser-intake-datadoghq.com",PROXY,"DOMAIN-SUFFIX,browser-intake-datadoghq.com",REJECT
top-proxy,"DOMAIN,copilot-telemetry-service.githubusercontent.com",PROXY,"DOMAIN-SUFFIX,copilot-telemetry-service.githubusercontent.com",REJECT
top-proxy,"DOMAIN,copilot-telemetry.githubusercontent.com",PROXY,"DOMAIN-SUFFIX,copilot-telemetry.githubusercontent.com",REJECT
top-proxy,"DOMAIN-SUFFIX,gvt2.com",PROXY,"DOMAIN-SUFFIX,gvt2.com",REJECT
top-direct,"DOMAIN-SUFFIX,bingads.com",DIRECT,"DOMAIN-SUFFIX,bingads.com",REJECT
top-direct,"DOMAIN-SUFFIX,fabric.io",DIRECT,"DOMAIN-SUFFIX,fabric.io",REJECT
top-direct,"DOMAIN-SUFFIX,localytics.com",DIRECT,"DOMAIN-SUFFIX,localytics.com",REJECT
top-direct,"DOMAIN-SUFFIX,microsoftadvertising.com",DIRECT,"DOMAIN-SUFFIX,microsoftadvertising.com",REJECT
top-direct,"DOMAIN-SUFFIX,msads.net",DIRECT,"DOMAIN-SUFFIX,msads.net",REJECT
top-direct,"DOMAIN-SUFFIX,statics-marketingsites-eus-ms-com.akamaized.net",DIRECT,"DOMAIN-SUFFIX,statics-marketingsites-eus-ms-com.akamaized.net",REJECT
top-direct,"DOMAIN-SUFFIX,statics-marketingsites-neu-ms-com.akamaized.net",DIRECT,"DOMAIN-SUFFIX,statics-marketingsites-neu-ms-com.akamaized.net",REJECT
apple-proxy,"DOMAIN-SUFFIX,news-events.apple.com",PROXY,"DOMAIN-SUFFIX,news-events.apple.com",REJECT
apple-direct,"DOMAIN,appleworldwidedeveloper.hb-api.omtrdc.net",DIRECT,"DOMAIN-SUFFIX,omtrdc.net",REJECT
apple-direct,"DOMAIN,appleworldwidedeveloper.sc.omtrdc.net",DIRECT,"DOMAIN-SUFFIX,omtrdc.net",REJECT
apple-direct,"DOMAIN,beatselectronicsllc.tt.omtrdc.net",DIRECT,"DOMAIN-SUFFIX,omtrdc.net",REJECT
apple-direct,"DOMAIN-SUFFIX,crashlytics.com",DIRECT,"DOMAIN-SUFFIX,crashlytics.com",REJECT
apple-direct,"DOMAIN-SUFFIX,qwapi.com",DIRECT,"DOMAIN-SUFFIX,qwapi.com",REJECT
proxy,"DOMAIN,1password.drift.click",PROXY,"DOMAIN-SUFFIX,drift.click",REJECT
proxy,"DOMAIN,cdn-spotify-experiments.conductrics.com",PROXY,"DOMAIN-SUFFIX,conductrics.com",REJECT
proxy,"DOMAIN,cdn.js7k.com",PROXY,"DOMAIN-SUFFIX,js7k.com",REJECT
proxy,"DOMAIN,cisco.evergage.com",PROXY,"DOMAIN-SUFFIX,evergage.com",REJECT
proxy,"DOMAIN,roovza-launches.appsflyersdk.com",PROXY,"DOMAIN-SUFFIX,appsflyersdk.com",REJECT
proxy,"DOMAIN,roovza.inapps.appsflyersdk.com",PROXY,"DOMAIN-SUFFIX,appsflyersdk.com",REJECT
proxy,"DOMAIN,roovza.launches.appsflyersdk.com",PROXY,"DOMAIN-SUFFIX,appsflyersdk.com",REJECT
proxy,"DOMAIN,roovza.skadsdk.appsflyersdk.com",PROXY,"DOMAIN-SUFFIX,appsflyersdk.com",REJECT
proxy,"DOMAIN,ubisoft.siteintercept.qualtrics.com",PROXY,"DOMAIN-SUFFIX,siteintercept.qualtrics.com",REJECT
proxy,"DOMAIN,zftksc.cdn-settings.appsflyersdk.com",PROXY,"DOMAIN-SUFFIX,appsflyersdk.com",REJECT
proxy,"DOMAIN,zftksc.launches.appsflyersdk.com",PROXY,"DOMAIN-SUFFIX,appsflyersdk.com",REJECT
proxy,"DOMAIN-SUFFIX,000webhost.com",PROXY,"DOMAIN-SUFFIX,000webhost.com",REJECT
proxy,"DOMAIN-SUFFIX,10bet.com",PROXY,"DOMAIN-SUFFIX,10bet.com",REJECT
proxy,"DOMAIN-SUFFIX,12bet.com",PROXY,"DOMAIN-SUFFIX,12bet.com",REJECT
proxy,"DOMAIN-SUFFIX,1xbet.cm",PROXY,"DOMAIN-SUFFIX,1xbet.cm",REJECT
proxy,"DOMAIN-SUFFIX,2mdn-cn.net",PROXY,"DOMAIN-SUFFIX,2mdn-cn.net",REJECT
proxy,"DOMAIN-SUFFIX,2mdn.net",PROXY,"DOMAIN-SUFFIX,2mdn.net",REJECT
proxy,"DOMAIN-SUFFIX,2o7.net",PROXY,"DOMAIN-SUFFIX,2o7.net",REJECT
proxy,"DOMAIN-SUFFIX,52av.be",PROXY,"DOMAIN-SUFFIX,52av.be",REJECT
proxy,"DOMAIN-SUFFIX,991.com",PROXY,"DOMAIN-SUFFIX,991.com",REJECT
proxy,"DOMAIN-SUFFIX,9anime.to",PROXY,"DOMAIN-SUFFIX,9anime.to",REJECT
proxy,"DOMAIN-SUFFIX,9oju31.launches.appsflyersdk.com",PROXY,"DOMAIN-SUFFIX,appsflyersdk.com",REJECT
proxy,"DOMAIN-SUFFIX,abellalist.com",PROXY,"DOMAIN-SUFFIX,abellalist.com",REJECT
proxy,"DOMAIN-SUFFIX,addthis.com",PROXY,"DOMAIN-SUFFIX,addthis.com",REJECT
proxy,"DOMAIN-SUFFIX,admeld.com",PROXY,"DOMAIN-SUFFIX,admeld.com",REJECT
proxy,"DOMAIN-SUFFIX,admob-cn.com",PROXY,"DOMAIN-SUFFIX,admob-cn.com",REJECT
proxy,"DOMAIN-SUFFIX,admob.com",PROXY,"DOMAIN-SUFFIX,admob.com",REJECT
proxy,"DOMAIN-SUFFIX,adobetag.com",PROXY,"DOMAIN-SUFFIX,adobetag.com",REJECT
proxy,"DOMAIN-SUFFIX,adobetarget.com",PROXY,"DOMAIN-SUFFIX,adobetarget.com",REJECT
proxy,"DOMAIN-SUFFIX,ads-twitter.com",PROXY,"DOMAIN-SUFFIX,ads-twitter.com",REJECT
proxy,"DOMAIN-SUFFIX,adsense.com",PROXY,"DOMAIN-SUFFIX,adsense.com",REJECT
proxy,"DOMAIN-SUFFIX,adsensecustomsearchads.com",PROXY,"DOMAIN-SUFFIX,adsensecustomsearchads.com",REJECT
proxy,"DOMAIN-SUFFIX,adsenseformobileapps.com",PROXY,"DOMAIN-SUFFIX,adsenseformobileapps.com",REJECT
proxy,"DOMAIN-SUFFIX,adult.friendfinder.com",PROXY,"DOMAIN-SUFFIX,friendfinder.com",REJECT
proxy,"DOMAIN-SUFFIX,adult3dcomics.com",PROXY,"DOMAIN-SUFFIX,adult3dcomics.com",REJECT
proxy,"DOMAIN-SUFFIX,adultblogtoplist.com",PROXY,"DOMAIN-SUFFIX,adultblogtoplist.com",REJECT
proxy,"DOMAIN-SUFFIX,adultfriendfinder.com",PROXY,"DOMAIN-SUFFIX,adultfriendfinder.com",REJECT
proxy,"DOMAIN-SUFFIX,advertisercommunity.com",PROXY,"DOMAIN-SUFFIX,advertisercommunity.com",REJECT
proxy,"DOMAIN-SUFFIX,advertiserscommunity.com",PROXY,"DOMAIN-SUFFIX,advertiserscommunity.com",REJECT
proxy,"DOMAIN-SUFFIX,adwords-community.com",PROXY,"DOMAIN-SUFFIX,adwords-community.com",REJECT
proxy,"DOMAIN-SUFFIX,adwords.com",PROXY,"DOMAIN-SUFFIX,adwords.com",REJECT
proxy,"DOMAIN-SUFFIX,adwordsexpress.com",PROXY,"DOMAIN-SUFFIX,adwordsexpress.com",REJECT
proxy,"DOMAIN-SUFFIX,akstat.io",PROXY,"DOMAIN-SUFFIX,akstat.io",REJECT
proxy,"DOMAIN-SUFFIX,altmetric.com",PROXY,"DOMAIN-SUFFIX,altmetric.com",REJECT
proxy,"DOMAIN-SUFFIX,aoxx69.net",PROXY,"DOMAIN-SUFFIX,aoxx69.net",REJECT
proxy,"DOMAIN-SUFFIX,app-analytics-services.com",PROXY,"DOMAIN-SUFFIX,app-analytics-services.com",REJECT
proxy,"DOMAIN-SUFFIX,app-measurement-cn.com",PROXY,"DOMAIN-SUFFIX,app-measurement-cn.com",REJECT
proxy,"DOMAIN-SUFFIX,app-measurement.com",PROXY,"DOMAIN-SUFFIX,app-measurement.com",REJECT
proxy,"DOMAIN-SUFFIX,appconsent.io",PROXY,"DOMAIN-SUFFIX,appconsent.io",REJECT
proxy,"DOMAIN-SUFFIX,apps5.oingo.com",PROXY,"DOMAIN-SUFFIX,apps5.oingo.com",REJECT
proxy,"DOMAIN-SUFFIX,apture.com",PROXY,"DOMAIN-SUFFIX,apture.com",REJECT
proxy,"DOMAIN-SUFFIX,area51.to",PROXY,"DOMAIN-SUFFIX,area51.to",REJECT
proxy,"DOMAIN-SUFFIX,asextube.net",PROXY,"DOMAIN-SUFFIX,asextube.net",REJECT
proxy,"DOMAIN-SUFFIX,atlasdmt.com",PROXY,"DOMAIN-SUFFIX,atlasdmt.com",REJECT
proxy,"DOMAIN-SUFFIX,awempire.com",PROXY,"DOMAIN-SUFFIX,awempire.com",REJECT
proxy,"DOMAIN-SUFFIX,awstrack.me",PROXY,"DOMAIN-SUFFIX,awstrack.me",REJECT
proxy,"DOMAIN-SUFFIX,bbc-reporting-api.app",PROXY,"DOMAIN-SUFFIX,bbc-reporting-api.app",REJECT
proxy,"DOMAIN-SUFFIX,bbthat.com",PROXY,"DOMAIN-SUFFIX,bbthat.com",REJECT
proxy,"DOMAIN-SUFFIX,bestsrv.de",PROXY,"DOMAIN-SUFFIX,bestsrv.de",REJECT
proxy,"DOMAIN-SUFFIX,bimbim.com",PROXY,"DOMAIN-SUFFIX,bimbim.com",REJECT
proxy,"DOMAIN-SUFFIX,bizographics.com",PROXY,"DOMAIN-SUFFIX,bizographics.com",REJECT
proxy,"DOMAIN-SUFFIX,blogcatalog.com",PROXY,"DOMAIN-SUFFIX,blogcatalog.com",REJECT
proxy,"DOMAIN-SUFFIX,bloglines.com",PROXY,"DOMAIN-SUFFIX,bloglines.com",REJECT
proxy,"DOMAIN-SUFFIX,bloglovin.com",PROXY,"DOMAIN-SUFFIX,bloglovin.com",REJECT
proxy,"DOMAIN-SUFFIX,blogspot.ba",PROXY,"DOMAIN-SUFFIX,blogspot.ba",REJECT
proxy,"DOMAIN-SUFFIX,blogspot.bg",PROXY,"DOMAIN-SUFFIX,blogspot.bg",REJECT
proxy,"DOMAIN-SUFFIX,blogspot.lu",PROXY,"DOMAIN-SUFFIX,blogspot.lu",REJECT
proxy,"DOMAIN-SUFFIX,blogspot.sk",PROXY,"DOMAIN-SUFFIX,blogspot.sk",REJECT
proxy,"DOMAIN-SUFFIX,blogspot.tw",PROXY,"DOMAIN-SUFFIX,blogspot.tw",REJECT
proxy,"DOMAIN-SUFFIX,bluffyporn.com",PROXY,"DOMAIN-SUFFIX,bluffyporn.com",REJECT
proxy,"DOMAIN-SUFFIX,bntrace.com",PROXY,"DOMAIN-SUFFIX,bntrace.com",REJECT
proxy,"DOMAIN-SUFFIX,bongacams.com",PROXY,"DOMAIN-SUFFIX,bongacams.com",REJECT
proxy,"DOMAIN-SUFFIX,bronto.com",PROXY,"DOMAIN-SUFFIX,bronto.com",REJECT
proxy,"DOMAIN-SUFFIX,bugsnag.com",PROXY,"DOMAIN-SUFFIX,bugsnag.com",REJECT
proxy,"DOMAIN-SUFFIX,c.go-mpulse.net",PROXY,"DOMAIN-SUFFIX,go-mpulse.net",REJECT
proxy,"DOMAIN-SUFFIX,cambaddies.com",PROXY,"DOMAIN-SUFFIX,cambaddies.com",REJECT
proxy,"DOMAIN-SUFFIX,camonster.com",PROXY,"DOMAIN-SUFFIX,camonster.com",REJECT
proxy,"DOMAIN-SUFFIX,camsoda.com",PROXY,"DOMAIN-SUFFIX,camsoda.com",REJECT
proxy,"DOMAIN-SUFFIX,camsoda1.com",PROXY,"DOMAIN-SUFFIX,camsoda1.com",REJECT
proxy,"DOMAIN-SUFFIX,camvideos.tv",PROXY,"DOMAIN-SUFFIX,camvideos.tv",REJECT
proxy,"DOMAIN-SUFFIX,clck.ru",PROXY,"DOMAIN-SUFFIX,clck.ru",REJECT
proxy,"DOMAIN-SUFFIX,click-url.com",PROXY,"DOMAIN-SUFFIX,click-url.com",REJECT
proxy,"DOMAIN-SUFFIX,clickserve.cc-dt.com",PROXY,"DOMAIN-SUFFIX,cc-dt.com",REJECT
proxy,"DOMAIN-SUFFIX,clickserver.googleads.com",PROXY,"DOMAIN-SUFFIX,googleads.com",REJECT
proxy,"DOMAIN-SUFFIX,cloudflareinsights.com",PROXY,"DOMAIN-SUFFIX,cloudflareinsights.com",REJECT
proxy,"DOMAIN-SUFFIX,cs.co",PROXY,"DOMAIN-SUFFIX,cs.co",REJECT
proxy,"DOMAIN-SUFFIX,cuntempire.com",PROXY,"DOMAIN-SUFFIX,cuntempire.com",REJECT
proxy,"DOMAIN-SUFFIX,cuntwars.com",PROXY,"DOMAIN-SUFFIX,cuntwars.com",REJECT
proxy,"DOMAIN-SUFFIX,daftsex.com",PROXY,"DOMAIN-SUFFIX,daftsex.com",REJECT
proxy,"DOMAIN-SUFFIX,dartsearch.net",PROXY,"DOMAIN-SUFFIX,dartsearch.net",REJECT
proxy,"DOMAIN-SUFFIX,data-vocabulary.org",PROXY,"DOMAIN-SUFFIX,data-vocabulary.org",REJECT
proxy,"DOMAIN-SUFFIX,ddex.io",PROXY,"DOMAIN-SUFFIX,ddex.io",REJECT
proxy,"DOMAIN-SUFFIX,deja.com",PROXY,"DOMAIN-SUFFIX,deja.com",REJECT
proxy,"DOMAIN-SUFFIX,digitaldesire.com",PROXY,"DOMAIN-SUFFIX,digitaldesire.com",REJECT
proxy,"DOMAIN-SUFFIX,dirty.games",PROXY,"DOMAIN-SUFFIX,dirty.games",REJECT
proxy,"DOMAIN-SUFFIX,disneyplus.bn5x.net",PROXY,"DOMAIN-SUFFIX,bn5x.net",REJECT
proxy,"DOMAIN-SUFFIX,dm-event.net",PROXY,"DOMAIN-SUFFIX,dm-event.net",REJECT
proxy,"DOMAIN-SUFFIX,dnvod.tv",PROXY,"DOMAIN-SUFFIX,dnvod.tv",REJECT
proxy,"DOMAIN-SUFFIX,doubleclick-cn.net",PROXY,"DOMAIN-SUFFIX,doubleclick-cn.net",REJECT
proxy,"DOMAIN-SUFFIX,doubleclick.com",PROXY,"DOMAIN-SUFFIX,doubleclick.com",REJECT
proxy,"DOMAIN-SUFFIX,doubleclick.net",PROXY,"DOMAIN-SUFFIX,doubleclick.net",REJECT
proxy,"DOMAIN-SUFFIX,dowjoneson.com",PROXY,"DOMAIN-SUFFIX,dowjoneson.com",REJECT
proxy,"DOMAIN-SUFFIX,drunkenstepfather.com",PROXY,"DOMAIN-SUFFIX,drunkenstepfather.com",REJECT
proxy,"DOMAIN-SUFFIX,dweb.link",PROXY,"DOMAIN-SUFFIX,dweb.link",REJECT
proxy,"DOMAIN-SUFFIX,dynatrace.com",PROXY,"DOMAIN-SUFFIX,dynatrace.com",REJECT
proxy,"DOMAIN-SUFFIX,ebayadvertising.com",PROXY,"DOMAIN-SUFFIX,ebayadvertising.com",REJECT
proxy,"DOMAIN-SUFFIX,ebayclassifiedsgroup.com",PROXY,"DOMAIN-SUFFIX,ebayclassifiedsgroup.com",REJECT
proxy,"DOMAIN-SUFFIX,envybox.io",PROXY,"DOMAIN-SUFFIX,envybox.io",REJECT
proxy,"DOMAIN-SUFFIX,erabaru.net",PROXY,"DOMAIN-SUFFIX,erabaru.net",REJECT
proxy,"DOMAIN-SUFFIX,erogazopple.com",PROXY,"DOMAIN-SUFFIX,erogazopple.com",REJECT
proxy,"DOMAIN-SUFFIX,expekt.com",PROXY,"DOMAIN-SUFFIX,expekt.com",REJECT
proxy,"DOMAIN-SUFFIX,facebgook.com",PROXY,"DOMAIN-SUFFIX,facebgook.com",REJECT
proxy,"DOMAIN-SUFFIX,facebooik.com",PROXY,"DOMAIN-SUFFIX,facebooik.com",REJECT
proxy,"DOMAIN-SUFFIX,facedbook.com",PROXY,"DOMAIN-SUFFIX,facedbook.com",REJECT
proxy,"DOMAIN-SUFFIX,fapcat.com",PROXY,"DOMAIN-SUFFIX,fapcat.com",REJECT
proxy,"DOMAIN-SUFFIX,fbthirdpartypixel.com",PROXY,"DOMAIN-SUFFIX,fbthirdpartypixel.com",REJECT
proxy,"DOMAIN-SUFFIX,filmsexeporno.com",PROXY,"DOMAIN-SUFFIX,filmsexeporno.com",REJECT
proxy,"DOMAIN-SUFFIX,find-a.jp",PROXY,"DOMAIN-SUFFIX,find-a.jp",REJECT
proxy,"DOMAIN-SUFFIX,flirt4free.com",PROXY,"DOMAIN-SUFFIX,flirt4free.com",REJECT
proxy,"DOMAIN-SUFFIX,free64all.com",PROXY,"DOMAIN-SUFFIX,free64all.com",REJECT
proxy,"DOMAIN-SUFFIX,freelotto.com",PROXY,"DOMAIN-SUFFIX,freelotto.com",REJECT
proxy,"DOMAIN-SUFFIX,fullstory.com",PROXY,"DOMAIN-SUFFIX,fullstory.com",REJECT
proxy,"DOMAIN-SUFFIX,girls.xyz",PROXY,"DOMAIN-SUFFIX,girls.xyz",REJECT
proxy,"DOMAIN-SUFFIX,gloporn.com",PROXY,"DOMAIN-SUFFIX,gloporn.com",REJECT
proxy,"DOMAIN-SUFFIX,gogocdn.net",PROXY,"DOMAIN-SUFFIX,gogocdn.net",REJECT
proxy,"DOMAIN-SUFFIX,google-analytics-cn.com",PROXY,"DOMAIN-SUFFIX,google-analytics-cn.com",REJECT
proxy,"DOMAIN-SUFFIX,google-analytics.com",PROXY,"DOMAIN-SUFFIX,google-analytics.com",REJECT
proxy,"DOMAIN-SUFFIX,googleadservices-cn.com",PROXY,"DOMAIN-SUFFIX,googleadservices-cn.com",REJECT
proxy,"DOMAIN-SUFFIX,googleadservices.com",PROXY,"DOMAIN-SUFFIX,googleadservices.com",REJECT
proxy,"DOMAIN-SUFFIX,googleanalytics.com",PROXY,"DOMAIN-SUFFIX,googleanalytics.com",REJECT
proxy,"DOMAIN-SUFFIX,googlecommerce.com",PROXY,"DOMAIN-SUFFIX,googlecommerce.com",REJECT
proxy,"DOMAIN-SUFFIX,googleflights-cn.net",PROXY,"DOMAIN-SUFFIX,googleflights-cn.net",REJECT
proxy,"DOMAIN-SUFFIX,googleoptimize-cn.com",PROXY,"DOMAIN-SUFFIX,googleoptimize-cn.com",REJECT
proxy,"DOMAIN-SUFFIX,googleoptimize.com",PROXY,"DOMAIN-SUFFIX,googleoptimize.com",REJECT
proxy,"DOMAIN-SUFFIX,googlesyndication-cn.com",PROXY,"DOMAIN-SUFFIX,googlesyndication-cn.com",REJECT
proxy,"DOMAIN-SUFFIX,googlesyndication.com",PROXY,"DOMAIN-SUFFIX,googlesyndication.com",REJECT
proxy,"DOMAIN-SUFFIX,googletagmanager-cn.com",PROXY,"DOMAIN-SUFFIX,googletagmanager-cn.com",REJECT
proxy,"DOMAIN-SUFFIX,googletagmanager.com",PROXY,"DOMAIN-SUFFIX,googletagmanager.com",REJECT
proxy,"DOMAIN-SUFFIX,googletagservices-cn.com",PROXY,"DOMAIN-SUFFIX,googletagservices-cn.com",REJECT
proxy,"DOMAIN-SUFFIX,googletagservices.com",PROXY,"DOMAIN-SUFFIX,googletagservices.com",REJECT
proxy,"DOMAIN-SUFFIX,googletraveladservices.com",PROXY,"DOMAIN-SUFFIX,googletraveladservices.com",REJECT
proxy,"DOMAIN-SUFFIX,googlevads-cn.com",PROXY,"DOMAIN-SUFFIX,googlevads-cn.com",REJECT
proxy,"DOMAIN-SUFFIX,gotraffic.net",PROXY,"DOMAIN-SUFFIX,gotraffic.net",REJECT
proxy,"DOMAIN-SUFFIX,guardianapps.co.uk",PROXY,"DOMAIN-SUFFIX,guardianapps.co.uk",REJECT
proxy,"DOMAIN-SUFFIX,hentaibaka.one",PROXY,"DOMAIN-SUFFIX,hentaibaka.one",REJECT
proxy,"DOMAIN-SUFFIX,heywire.com",PROXY,"DOMAIN-SUFFIX,heywire.com",REJECT
proxy,"DOMAIN-SUFFIX,hooligapps.com",PROXY,"DOMAIN-SUFFIX,hooligapps.com",REJECT
proxy,"DOMAIN-SUFFIX,hotzxgirl.com",PROXY,"DOMAIN-SUFFIX,hotzxgirl.com",REJECT
proxy,"DOMAIN-SUFFIX,htanime.epizy.com",PROXY,"DOMAIN-SUFFIX,epizy.com",REJECT
proxy,"DOMAIN-SUFFIX,igetnaughty.com",PROXY,"DOMAIN-SUFFIX,igetnaughty.com",REJECT
proxy,"DOMAIN-SUFFIX,imlive.com",PROXY,"DOMAIN-SUFFIX,imlive.com",REJECT
proxy,"DOMAIN-SUFFIX,incloak.com",PROXY,"DOMAIN-SUFFIX,incloak.com",REJECT
proxy,"DOMAIN-SUFFIX,indiansexstories.net",PROXY,"DOMAIN-SUFFIX,indiansexstories.net",REJECT
proxy,"DOMAIN-SUFFIX,instagrem.com",PROXY,"DOMAIN-SUFFIX,instagrem.com",REJECT
proxy,"DOMAIN-SUFFIX,jasmin.com",PROXY,"DOMAIN-SUFFIX,jasmin.com",REJECT
proxy,"DOMAIN-SUFFIX,jivosite.com",PROXY,"DOMAIN-SUFFIX,jivosite.com",REJECT
proxy,"DOMAIN-SUFFIX,joyourself.com",PROXY,"DOMAIN-SUFFIX,joyourself.com",REJECT
proxy,"DOMAIN-SUFFIX,jword.jp",PROXY,"DOMAIN-SUFFIX,jword.jp",REJECT
proxy,"DOMAIN-SUFFIX,jwpltx.com",PROXY,"DOMAIN-SUFFIX,jwpltx.com",REJECT
proxy,"DOMAIN-SUFFIX,kinkypeepz.com",PROXY,"DOMAIN-SUFFIX,kinkypeepz.com",REJECT
proxy,"DOMAIN-SUFFIX,ktzhk.com",PROXY,"DOMAIN-SUFFIX,ktzhk.com",REJECT
proxy,"DOMAIN-SUFFIX,livejasmin.com",PROXY,"DOMAIN-SUFFIX,livejasmin.com",REJECT
proxy,"DOMAIN-SUFFIX,liveprivates.com",PROXY,"DOMAIN-SUFFIX,liveprivates.com",REJECT
proxy,"DOMAIN-SUFFIX,liverail.com",PROXY,"DOMAIN-SUFFIX,liverail.com",REJECT
proxy,"DOMAIN-SUFFIX,livexxx.me",PROXY,"DOMAIN-SUFFIX,livexxx.me",REJECT
proxy,"DOMAIN-SUFFIX,lnstagram-help.com",PROXY,"DOMAIN-SUFFIX,lnstagram-help.com",REJECT
proxy,"DOMAIN-SUFFIX,lsawards.com",PROXY,"DOMAIN-SUFFIX,lsawards.com",REJECT
proxy,"DOMAIN-SUFFIX,marketo.com",PROXY,"DOMAIN-SUFFIX,marketo.com",REJECT
proxy,"DOMAIN-SUFFIX,marketo.net",PROXY,"DOMAIN-SUFFIX,marketo.net",REJECT
proxy,"DOMAIN-SUFFIX,marketolive.com",PROXY,"DOMAIN-SUFFIX,marketolive.com",REJECT
proxy,"DOMAIN-SUFFIX,masterwanker.com",PROXY,"DOMAIN-SUFFIX,masterwanker.com",REJECT
proxy,"DOMAIN-SUFFIX,mdialog.com",PROXY,"DOMAIN-SUFFIX,mdialog.com",REJECT
proxy,"DOMAIN-SUFFIX,mediasama.com",PROXY,"DOMAIN-SUFFIX,mediasama.com",REJECT
proxy,"DOMAIN-SUFFIX,meendo.com",PROXY,"DOMAIN-SUFFIX,meendo.com",REJECT
proxy,"DOMAIN-SUFFIX,mmaaxx.com",PROXY,"DOMAIN-SUFFIX,mmaaxx.com",REJECT
proxy,"DOMAIN-SUFFIX,mradx.net",PROXY,"DOMAIN-SUFFIX,mradx.net",REJECT
proxy,"DOMAIN-SUFFIX,mrporngeek.com",PROXY,"DOMAIN-SUFFIX,mrporngeek.com",REJECT
proxy,"DOMAIN-SUFFIX,mytopf.com",PROXY,"DOMAIN-SUFFIX,mytopf.com",REJECT
proxy,"DOMAIN-SUFFIX,naiadsystems.com",PROXY,"DOMAIN-SUFFIX,naiadsystems.com",REJECT
proxy,"DOMAIN-SUFFIX,ntdtv.ru",PROXY,"DOMAIN-SUFFIX,ntdtv.ru",REJECT
proxy,"DOMAIN-SUFFIX,nutaku.net",PROXY,"DOMAIN-SUFFIX,nutaku.net",REJECT
proxy,"DOMAIN-SUFFIX,nyaa.eu",PROXY,"DOMAIN-SUFFIX,nyaa.eu",REJECT
proxy,"DOMAIN-SUFFIX,omniture.com",PROXY,"DOMAIN-SUFFIX,omniture.com",REJECT
proxy,"DOMAIN-SUFFIX,omtrdc.net",PROXY,"DOMAIN-SUFFIX,omtrdc.net",REJECT
proxy,"DOMAIN-SUFFIX,panoramio.com",PROXY,"DOMAIN-SUFFIX,panoramio.com",REJECT
proxy,"DOMAIN-SUFFIX,passion.com",PROXY,"DOMAIN-SUFFIX,passion.com",REJECT
proxy,"DOMAIN-SUFFIX,paste.ee",PROXY,"DOMAIN-SUFFIX,paste.ee",REJECT
proxy,"DOMAIN-SUFFIX,paypa1.com",PROXY,"DOMAIN-SUFFIX,paypa1.com",REJECT
proxy,"DOMAIN-SUFFIX,payserve.com",PROXY,"DOMAIN-SUFFIX,payserve.com",REJECT
proxy,"DOMAIN-SUFFIX,pctlwm.com",PROXY,"DOMAIN-SUFFIX,pctlwm.com",REJECT
proxy,"DOMAIN-SUFFIX,peachy18.com",PROXY,"DOMAIN-SUFFIX,peachy18.com",REJECT
proxy,"DOMAIN-SUFFIX,popmechanic.ru",PROXY,"DOMAIN-SUFFIX,popmechanic.ru",REJECT
proxy,"DOMAIN-SUFFIX,pornogrund.com",PROXY,"DOMAIN-SUFFIX,pornogrund.com",REJECT
proxy,"DOMAIN-SUFFIX,pornojux.com",PROXY,"DOMAIN-SUFFIX,pornojux.com",REJECT
proxy,"DOMAIN-SUFFIX,pornomasse.com",PROXY,"DOMAIN-SUFFIX,pornomasse.com",REJECT
proxy,"DOMAIN-SUFFIX,pornvideos.casa",PROXY,"DOMAIN-SUFFIX,pornvideos.casa",REJECT
proxy,"DOMAIN-SUFFIX,prpops.com",PROXY,"DOMAIN-SUFFIX,prpops.com",REJECT
proxy,"DOMAIN-SUFFIX,ptapjmp.com",PROXY,"DOMAIN-SUFFIX,ptapjmp.com",REJECT
proxy,"DOMAIN-SUFFIX,pubmatic.co.jp",PROXY,"DOMAIN-SUFFIX,pubmatic.co.jp",REJECT
proxy,"DOMAIN-SUFFIX,pubmatic.com",PROXY,"DOMAIN-SUFFIX,pubmatic.com",REJECT
proxy,"DOMAIN-SUFFIX,pussy-pics.net",PROXY,"DOMAIN-SUFFIX,pussy-pics.net",REJECT
proxy,"DOMAIN-SUFFIX,rakutenadvertising.com",PROXY,"DOMAIN-SUFFIX,rakutenadvertising.com",REJECT
proxy,"DOMAIN-SUFFIX,ravm.tv",PROXY,"DOMAIN-SUFFIX,ravm.tv",REJECT
proxy,"DOMAIN-SUFFIX,redlightcenter.com",PROXY,"DOMAIN-SUFFIX,redlightcenter.com",REJECT
proxy,"DOMAIN-SUFFIX,rutrk.org",PROXY,"DOMAIN-SUFFIX,rutrk.org",REJECT
proxy,"DOMAIN-SUFFIX,sc-static.net",PROXY,"DOMAIN-SUFFIX,sc-static.net",REJECT
proxy,"DOMAIN-SUFFIX,scorecardresearch.com",PROXY,"DOMAIN-SUFFIX,scorecardresearch.com",REJECT
proxy,"DOMAIN-SUFFIX,seemygf.com",PROXY,"DOMAIN-SUFFIX,seemygf.com",REJECT
proxy,"DOMAIN-SUFFIX,sexei.net",PROXY,"DOMAIN-SUFFIX,sexei.net",REJECT
proxy,"DOMAIN-SUFFIX,sexemulator.com",PROXY,"DOMAIN-SUFFIX,sexemulator.com",REJECT
proxy,"DOMAIN-SUFFIX,sexsaoy.com",PROXY,"DOMAIN-SUFFIX,sexsaoy.com",REJECT
proxy,"DOMAIN-SUFFIX,sexy-more.com",PROXY,"DOMAIN-SUFFIX,sexy-more.com",REJECT
proxy,"DOMAIN-SUFFIX,sgqt0j.launches.appsflyersdk.com",PROXY,"DOMAIN-SUFFIX,appsflyersdk.com",REJECT
proxy,"DOMAIN-SUFFIX,sharethis.com",PROXY,"DOMAIN-SUFFIX,sharethis.com",REJECT
proxy,"DOMAIN-SUFFIX,siteripz.net",PROXY,"DOMAIN-SUFFIX,siteripz.net",REJECT
proxy,"DOMAIN-SUFFIX,skinstrip.net",PROXY,"DOMAIN-SUFFIX,skinstrip.net",REJECT
proxy,"DOMAIN-SUFFIX,slackb.com",PROXY,"DOMAIN-SUFFIX,slackb.com",REJECT
proxy,"DOMAIN-SUFFIX,smutstone.com",PROXY,"DOMAIN-SUFFIX,smutstone.com",REJECT
proxy,"DOMAIN-SUFFIX,springboardplatform.com",PROXY,"DOMAIN-SUFFIX,springboardplatform.com",REJECT
proxy,"DOMAIN-SUFFIX,steamunlocked.net",PROXY,"DOMAIN-SUFFIX,steamunlocked.net",REJECT
proxy,"DOMAIN-SUFFIX,streamate.com",PROXY,"DOMAIN-SUFFIX,streamate.com",REJECT
proxy,"DOMAIN-SUFFIX,stripchat.com",PROXY,"DOMAIN-SUFFIX,stripchat.com",REJECT
proxy,"DOMAIN-SUFFIX,taboola.com",PROXY,"DOMAIN-SUFFIX,taboola.com",REJECT
proxy,"DOMAIN-SUFFIX,telega.me",PROXY,"DOMAIN-SUFFIX,telega.me",REJECT
proxy,"DOMAIN-SUFFIX,tellapart.com",PROXY,"DOMAIN-SUFFIX,tellapart.com",REJECT
proxy,"DOMAIN-SUFFIX,thri.xxx",PROXY,"DOMAIN-SUFFIX,thri.xxx",REJECT
proxy,"DOMAIN-SUFFIX,twittercounter.com",PROXY,"DOMAIN-SUFFIX,twittercounter.com",REJECT
proxy,"DOMAIN-SUFFIX,twttr.com",PROXY,"DOMAIN-SUFFIX,twttr.com",REJECT
proxy,"DOMAIN-SUFFIX,uimserv.net",PROXY,"DOMAIN-SUFFIX,uimserv.net",REJECT
proxy,"DOMAIN-SUFFIX,ukit.me",PROXY,"DOMAIN-SUFFIX,ukit.me",REJECT
proxy,"DOMAIN-SUFFIX,unblocksit.es",PROXY,"DOMAIN-SUFFIX,unblocksit.es",REJECT
proxy,"DOMAIN-SUFFIX,urasma.com",PROXY,"DOMAIN-SUFFIX,urasma.com",REJECT
proxy,"DOMAIN-SUFFIX,urchin.com",PROXY,"DOMAIN-SUFFIX,urchin.com",REJECT
proxy,"DOMAIN-SUFFIX,usocial.pro",PROXY,"DOMAIN-SUFFIX,usocial.pro",REJECT
proxy,"DOMAIN-SUFFIX,verizonmedia.com",PROXY,"DOMAIN-SUFFIX,verizonmedia.com",REJECT
proxy,"DOMAIN-SUFFIX,vid.me",PROXY,"DOMAIN-SUFFIX,vid.me",REJECT
proxy,"DOMAIN-SUFFIX,vkcdnservice.com",PROXY,"DOMAIN-SUFFIX,vkcdnservice.com",REJECT
proxy,"DOMAIN-SUFFIX,watchmygf.net",PROXY,"DOMAIN-SUFFIX,watchmygf.net",REJECT
proxy,"DOMAIN-SUFFIX,watchmygf.to",PROXY,"DOMAIN-SUFFIX,watchmygf.to",REJECT
proxy,"DOMAIN-SUFFIX,whitesaas.com",PROXY,"DOMAIN-SUFFIX,whitesaas.com",REJECT
proxy,"DOMAIN-SUFFIX,wo.tc",PROXY,"DOMAIN-SUFFIX,wo.tc",REJECT
proxy,"DOMAIN-SUFFIX,wowpornlist.xyz",PROXY,"DOMAIN-SUFFIX,wowpornlist.xyz",REJECT
proxy,"DOMAIN-SUFFIX,www.destinationurl.com",PROXY,"DOMAIN-SUFFIX,www.destinationurl.com",REJECT
proxy,"DOMAIN-SUFFIX,xandr.com",PROXY,"DOMAIN-SUFFIX,xandr.com",REJECT
proxy,"DOMAIN-SUFFIX,xhcdn.com",PROXY,"DOMAIN-SUFFIX,xhcdn.com",REJECT
proxy,"DOMAIN-SUFFIX,xhpjc6-cdn-settings.appsflyersdk.com",PROXY,"DOMAIN-SUFFIX,appsflyersdk.com",REJECT
proxy,"DOMAIN-SUFFIX,xlovecam.com",PROXY,"DOMAIN-SUFFIX,xlovecam.com",REJECT
proxy,"DOMAIN-SUFFIX,xrea.com",PROXY,"DOMAIN-SUFFIX,xrea.com",REJECT
proxy,"DOMAIN-SUFFIX,xxxbullet.com",PROXY,"DOMAIN-SUFFIX,xxxbullet.com",REJECT
proxy,"DOMAIN-SUFFIX,xxxpornhd.pro",PROXY,"DOMAIN-SUFFIX,xxxpornhd.pro",REJECT
proxy,"DOMAIN-SUFFIX,yandexadexchange.net",PROXY,"DOMAIN-SUFFIX,yandexadexchange.net",REJECT
proxy,"DOMAIN-SUFFIX,ypmate.com",PROXY,"DOMAIN-SUFFIX,ypmate.com",REJECT
proxy,"DOMAIN-SUFFIX,z-lib.io",PROXY,"DOMAIN-SUFFIX,z-lib.io",REJECT
direct,"DOMAIN,2mdn-cn.net",DIRECT,"DOMAIN-SUFFIX,2mdn-cn.net",REJECT
direct,"DOMAIN,2mdn.net",DIRECT,"DOMAIN-SUFFIX,2mdn.net",REJECT
direct,"DOMAIN,admob-cn.com",DIRECT,"DOMAIN-SUFFIX,admob-cn.com",REJECT
direct,"DOMAIN,adservice.google.com",DIRECT,"DOMAIN-SUFFIX,adservice.google.com",REJECT
direct,"DOMAIN,app-analytics-services.com",DIRECT,"DOMAIN-SUFFIX,app-analytics-services.com",REJECT
direct,"DOMAIN,app-measurement-cn.com",DIRECT,"DOMAIN-SUFFIX,app-measurement-cn.com",REJECT
direct,"DOMAIN,app-measurement.com",DIRECT,"DOMAIN-SUFFIX,app-measurement.com",REJECT
direct,"DOMAIN,apps5.oingo.com",DIRECT,"DOMAIN-SUFFIX,apps5.oingo.com",REJECT
direct,"DOMAIN,c.admob.com",DIRECT,"DOMAIN-SUFFIX,admob.com",REJECT
direct,"DOMAIN,clickserve.cc-dt.com",DIRECT,"DOMAIN-SUFFIX,cc-dt.com",REJECT
direct,"DOMAIN,clickserve.dartsearch.net",DIRECT,"DOMAIN-SUFFIX,dartsearch.net",REJECT
direct,"DOMAIN,clickserver.googleads.com",DIRECT,"DOMAIN-SUFFIX,googleads.com",REJECT
direct,"DOMAIN,crashlyticsreports-pa.googleapis.com",DIRECT,"DOMAIN-SUFFIX,crashlyticsreports-pa.googleapis.com",REJECT
direct,"DOMAIN,doubleclick-cn.net",DIRECT,"DOMAIN-SUFFIX,doubleclick-cn.net",REJECT
direct,"DOMAIN,doubleclick.net",DIRECT,"DOMAIN-SUFFIX,doubleclick.net",REJECT
direct,"DOMAIN,google-analytics-cn.com",DIRECT,"DOMAIN-SUFFIX,google-analytics-cn.com",REJECT
direct,"DOMAIN,google-analytics.com",DIRECT,"DOMAIN-SUFFIX,google-analytics.com",REJECT
direct,"DOMAIN,googleadservices-cn.com",DIRECT,"DOMAIN-SUFFIX,googleadservices-cn.com",REJECT
direct,"DOMAIN,googleadservices.com",DIRECT,"DOMAIN-SUFFIX,googleadservices.com",REJECT
direct,"DOMAIN,googleanalytics.com",DIRECT,"DOMAIN-SUFFIX,googleanalytics.com",REJECT
direct,"DOMAIN,googleflights-cn.net",DIRECT,"DOMAIN-SUFFIX,googleflights-cn.net",REJECT
direct,"DOMAIN,googleoptimize-cn.com",DIRECT,"DOMAIN-SUFFIX,googleoptimize-cn.com",REJECT
direct,"DOMAIN,googleoptimize.com",DIRECT,"DOMAIN-SUFFIX,googleoptimize.com",REJECT
direct,"DOMAIN,googlesyndication-cn.com",DIRECT,"DOMAIN-SUFFIX,googlesyndication-cn.com",REJECT
direct,"DOMAIN,googlesyndication.com",DIRECT,"DOMAIN-SUFFIX,googlesyndication.com",REJECT
direct,"DOMAIN,googletagmanager-cn.com",DIRECT,"DOMAIN-SUFFIX,googletagmanager-cn.com",REJECT
direct,"DOMAIN,googletagmanager.com",DIRECT,"DOMAIN-SUFFIX,googletagmanager.com",REJECT
direct,"DOMAIN,googletagservices-cn.com",DIRECT,"DOMAIN-SUFFIX,googletagservices-cn.com",REJECT
direct,"DOMAIN,googletagservices.com",DIRECT,"DOMAIN-SUFFIX,googletagservices.com",REJECT
direct,"DOMAIN,googletraveladservices.com",DIRECT,"DOMAIN-SUFFIX,googletraveladservices.com",REJECT
direct,"DOMAIN,googlevads-cn.com",DIRECT,"DOMAIN-SUFFIX,googlevads-cn.com",REJECT
direct,"DOMAIN,gtm.oasisfeng.com",DIRECT,"DOMAIN-SUFFIX,gtm.oasisfeng.com",REJECT
direct,"DOMAIN,pagead-googlehosted.l.google.com",DIRECT,"DOMAIN-SUFFIX,pagead-googlehosted.l.google.com",REJECT
direct,"DOMAIN,service.urchin.com",DIRECT,"DOMAIN-SUFFIX,urchin.com",REJECT
direct,"DOMAIN,ssl-google-analytics.l.google.com",DIRECT,"DOMAIN-SUFFIX,ssl-google-analytics.l.google.com",REJECT
direct,"DOMAIN,www-google-analytics.l.google.com",DIRECT,"DOMAIN-SUFFIX,www-google-analytics.l.google.com",REJECT
direct,"DOMAIN,www-googletagmanager.l.google.com",DIRECT,"DOMAIN-SUFFIX,www-googletagmanager.l.google.com",REJECT
direct,"DOMAIN,www.destinationurl.com",DIRECT,"DOMAIN-SUFFIX,www.destinationurl.com",REJECT
direct,"DOMAIN-SUFFIX,027dir.com",DIRECT,"DOMAIN-SUFFIX,027dir.com",REJECT
direct,"DOMAIN-SUFFIX,0575bbs.com",DIRECT,"DOMAIN-SUFFIX,0575bbs.com",REJECT
direct,"DOMAIN-SUFFIX,0597kk.com",DIRECT,"DOMAIN-SUFFIX,0597kk.com",REJECT
direct,"DOMAIN-SUFFIX,163ns.com",DIRECT,"DOMAIN-SUFFIX,163ns.com",REJECT
direct,"DOMAIN-SUFFIX,165tchuang.com",DIRECT,"DOMAIN-SUFFIX,165tchuang.com",REJECT
direct,"DOMAIN-SUFFIX,198game.com",DIRECT,"DOMAIN-SUFFIX,198game.com",REJECT
direct,"DOMAIN-SUFFIX,1l1.cc",DIRECT,"DOMAIN-SUFFIX,1l1.cc",REJECT
direct,"DOMAIN-SUFFIX,1mpi.com",DIRECT,"DOMAIN-SUFFIX,1mpi.com",REJECT
direct,"DOMAIN-SUFFIX,1rtb.com",DIRECT,"DOMAIN-SUFFIX,1rtb.com",REJECT
direct,"DOMAIN-SUFFIX,1rtb.net",DIRECT,"DOMAIN-SUFFIX,1rtb.net",REJECT
direct,"DOMAIN-SUFFIX,1sapp.com",DIRECT,"DOMAIN-SUFFIX,1sapp.com",REJECT
direct,"DOMAIN-SUFFIX,20091222.com",DIRECT,"DOMAIN-SUFFIX,20091222.com",REJECT
direct,"DOMAIN-SUFFIX,2345.cc",DIRECT,"DOMAIN-SUFFIX,2345.cc",REJECT
direct,"DOMAIN-SUFFIX,2345.com",DIRECT,"DOMAIN-SUFFIX,2345.com",REJECT
direct,"DOMAIN-SUFFIX,25662zubo23739.com",DIRECT,"DOMAIN-SUFFIX,25662zubo23739.com",REJECT
direct,"DOMAIN-SUFFIX,350.com",DIRECT,"DOMAIN-SUFFIX,350.com",REJECT
direct,"DOMAIN-SUFFIX,360ads.com",DIRECT,"DOMAIN-SUFFIX,360ads.com",REJECT
direct,"DOMAIN-SUFFIX,360chou.com",DIRECT,"DOMAIN-SUFFIX,360chou.com",REJECT
direct,"DOMAIN-SUFFIX,360in.com",DIRECT,"DOMAIN-SUFFIX,360in.com",REJECT
direct,"DOMAIN-SUFFIX,360kuai.com",DIRECT,"DOMAIN-SUFFIX,360kuai.com",REJECT
direct,"DOMAIN-SUFFIX,360os.com",DIRECT,"DOMAIN-SUFFIX,360os.com",REJECT
direct,"DOMAIN-SUFFIX,360shuke.com",DIRECT,"DOMAIN-SUFFIX,360shuke.com",REJECT
direct,"DOMAIN-SUFFIX,365dmp.com",DIRECT,"DOMAIN-SUFFIX,365dmp.com",REJECT
direct,"DOMAIN-SUFFIX,37wan.com",DIRECT,"DOMAIN-SUFFIX,37wan.com",REJECT
direct,"DOMAIN-SUFFIX,3975.com",DIRECT,"DOMAIN-SUFFIX,3975.com",REJECT
direct,"DOMAIN-SUFFIX,39jz.com",DIRECT,"DOMAIN-SUFFIX,39jz.com",REJECT
direct,"DOMAIN-SUFFIX,3p8801.co",DIRECT,"DOMAIN-SUFFIX,3p8801.co",REJECT
direct,"DOMAIN-SUFFIX,51.la",DIRECT,"DOMAIN-SUFFIX,51.la",REJECT
direct,"DOMAIN-SUFFIX,51240.com",DIRECT,"DOMAIN-SUFFIX,51240.com",REJECT
direct,"DOMAIN-SUFFIX,518ad.com",DIRECT,"DOMAIN-SUFFIX,518ad.com",REJECT
direct,"DOMAIN-SUFFIX,51link.com",DIRECT,"DOMAIN-SUFFIX,51link.com",REJECT
direct,"DOMAIN-SUFFIX,51taifu.com",DIRECT,"DOMAIN-SUFFIX,51taifu.com",REJECT
direct,"DOMAIN-SUFFIX,51yes.com",DIRECT,"DOMAIN-SUFFIX,51yes.com",REJECT
direct,"DOMAIN-SUFFIX,52aoteman.com",DIRECT,"DOMAIN-SUFFIX,52aoteman.com",REJECT
direct,"DOMAIN-SUFFIX,52pk.com",DIRECT,"DOMAIN-SUFFIX,52pk.com",REJECT
direct,"DOMAIN-SUFFIX,52xiyou.com",DIRECT,"DOMAIN-SUFFIX,52xiyou.com",REJECT
direct,"DOMAIN-SUFFIX,53kf.com",DIRECT,"DOMAIN-SUFFIX,53kf.com",REJECT
direct,"DOMAIN-SUFFIX,54kefu.net",DIRECT,"DOMAIN-SUFFIX,54kefu.net",REJECT
direct,"DOMAIN-SUFFIX,55.la",DIRECT,"DOMAIN-SUFFIX,55.la",REJECT
direct,"DOMAIN-SUFFIX,55726zubo56686.com",DIRECT,"DOMAIN-SUFFIX,55726zubo56686.com",REJECT
direct,"DOMAIN-SUFFIX,57573zubo36833.com",DIRECT,"DOMAIN-SUFFIX,57573zubo36833.com",REJECT
direct,"DOMAIN-SUFFIX,58tg.com",DIRECT,"DOMAIN-SUFFIX,58tg.com",REJECT
direct,"DOMAIN-SUFFIX,595image.com",DIRECT,"DOMAIN-SUFFIX,595image.com",REJECT
direct,"DOMAIN-SUFFIX,5enhjla7z.com",DIRECT,"DOMAIN-SUFFIX,5enhjla7z.com",REJECT
direct,"DOMAIN-SUFFIX,5etv.com",DIRECT,"DOMAIN-SUFFIX,5etv.com",REJECT
direct,"DOMAIN-SUFFIX,5hffr1p22j.com",DIRECT,"DOMAIN-SUFFIX,5hffr1p22j.com",REJECT
direct,"DOMAIN-SUFFIX,5pub.com",DIRECT,"DOMAIN-SUFFIX,5pub.com",REJECT
direct,"DOMAIN-SUFFIX,5qzone.net",DIRECT,"DOMAIN-SUFFIX,5qzone.net",REJECT
direct,"DOMAIN-SUFFIX,609999.xyz",DIRECT,"DOMAIN-SUFFIX,609999.xyz",REJECT
direct,"DOMAIN-SUFFIX,644446.com",DIRECT,"DOMAIN-SUFFIX,644446.com",REJECT
direct,"DOMAIN-SUFFIX,6711.com",DIRECT,"DOMAIN-SUFFIX,6711.com",REJECT
direct,"DOMAIN-SUFFIX,68287zubo85737.com",DIRECT,"DOMAIN-SUFFIX,68287zubo85737.com",REJECT
direct,"DOMAIN-SUFFIX,6fm4dcpj31.com",DIRECT,"DOMAIN-SUFFIX,6fm4dcpj31.com",REJECT
direct,"DOMAIN-SUFFIX,6pctuhriw.com",DIRECT,"DOMAIN-SUFFIX,6pctuhriw.com",REJECT
direct,"DOMAIN-SUFFIX,6v6.work",DIRECT,"DOMAIN-SUFFIX,6v6.work",REJECT
direct,"DOMAIN-SUFFIX,6xigema.com",DIRECT,"DOMAIN-SUFFIX,6xigema.com",REJECT
direct,"DOMAIN-SUFFIX,73336zubo25326.com",DIRECT,"DOMAIN-SUFFIX,73336zubo25326.com",REJECT
direct,"DOMAIN-SUFFIX,7moor.com",DIRECT,"DOMAIN-SUFFIX,7moor.com",REJECT
direct,"DOMAIN-SUFFIX,8181zx.com",DIRECT,"DOMAIN-SUFFIX,8181zx.com",REJECT
direct,"DOMAIN-SUFFIX,866.com",DIRECT,"DOMAIN-SUFFIX,866.com",REJECT
direct,"DOMAIN-SUFFIX,876920.com",DIRECT,"DOMAIN-SUFFIX,876920.com",REJECT
direct,"DOMAIN-SUFFIX,88362zubo95838.com",DIRECT,"DOMAIN-SUFFIX,88362zubo95838.com",REJECT
direct,"DOMAIN-SUFFIX,88la.la",DIRECT,"DOMAIN-SUFFIX,88la.la",REJECT
direct,"DOMAIN-SUFFIX,8k69vb6421.com",DIRECT,"DOMAIN-SUFFIX,8k69vb6421.com",REJECT
direct,"DOMAIN-SUFFIX,8le8le.com",DIRECT,"DOMAIN-SUFFIX,8le8le.com",REJECT
direct,"DOMAIN-SUFFIX,8x14khzwmi.com",DIRECT,"DOMAIN-SUFFIX,8x14khzwmi.com",REJECT
direct,"DOMAIN-SUFFIX,8x5vviy4r2.com",DIRECT,"DOMAIN-SUFFIX,8x5vviy4r2.com",REJECT
direct,"DOMAIN-SUFFIX,9199.com",DIRECT,"DOMAIN-SUFFIX,9199.com",REJECT
direct,"DOMAIN-SUFFIX,91wan.com",DIRECT,"DOMAIN-SUFFIX,91wan.com",REJECT
direct,"DOMAIN-SUFFIX,93692zubo66936.com",DIRECT,"DOMAIN-SUFFIX,93692zubo66936.com",REJECT
direct,"DOMAIN-SUFFIX,9377.com",DIRECT,"DOMAIN-SUFFIX,9377.com",REJECT
direct,"DOMAIN-SUFFIX,961.com",DIRECT,"DOMAIN-SUFFIX,961.com",REJECT
direct,"DOMAIN-SUFFIX,96382zubo66756.com",DIRECT,"DOMAIN-SUFFIX,96382zubo66756.com",REJECT
direct,"DOMAIN-SUFFIX,9800.com",DIRECT,"DOMAIN-SUFFIX,9800.com",REJECT
direct,"DOMAIN-SUFFIX,9991.com",DIRECT,"DOMAIN-SUFFIX,9991.com",REJECT
direct,"DOMAIN-SUFFIX,9wee.com",DIRECT,"DOMAIN-SUFFIX,9wee.com",REJECT
direct,"DOMAIN-SUFFIX,a3p4.net",DIRECT,"DOMAIN-SUFFIX,a3p4.net",REJECT
direct,"DOMAIN-SUFFIX,a4xvv2g18l.com",DIRECT,"DOMAIN-SUFFIX,a4xvv2g18l.com",REJECT
direct,"DOMAIN-SUFFIX,abbyychina.com",DIRECT,"DOMAIN-SUFFIX,abbyychina.com",REJECT
direct,"DOMAIN-SUFFIX,acobt.tech",DIRECT,"DOMAIN-SUFFIX,acobt.tech",REJECT
direct,"DOMAIN-SUFFIX,ad7.com",DIRECT,"DOMAIN-SUFFIX,ad7.com",REJECT
direct,"DOMAIN-SUFFIX,adanxing.com",DIRECT,"DOMAIN-SUFFIX,adanxing.com",REJECT
direct,"DOMAIN-SUFFIX,adfunlink.com",DIRECT,"DOMAIN-SUFFIX,adfunlink.com",REJECT
direct,"DOMAIN-SUFFIX,adinall.com",DIRECT,"DOMAIN-SUFFIX,adinall.com",REJECT
direct,"DOMAIN-SUFFIX,adkwai.com",DIRECT,"DOMAIN-SUFFIX,adkwai.com",REJECT
direct,"DOMAIN-SUFFIX,admin5.com",DIRECT,"DOMAIN-SUFFIX,admin5.com",REJECT
direct,"DOMAIN-SUFFIX,admin6.com",DIRECT,"DOMAIN-SUFFIX,admin6.com",REJECT
direct,"DOMAIN-SUFFIX,adminer.com",DIRECT,"DOMAIN-SUFFIX,adminer.com",REJECT
direct,"DOMAIN-SUFFIX,adquan.com",DIRECT,"DOMAIN-SUFFIX,adquan.com",REJECT
direct,"DOMAIN-SUFFIX,adsame.com",DIRECT,"DOMAIN-SUFFIX,adsame.com",REJECT
direct,"DOMAIN-SUFFIX,adseye.com",DIRECT,"DOMAIN-SUFFIX,adseye.com",REJECT
direct,"DOMAIN-SUFFIX,adsmogo.com",DIRECT,"DOMAIN-SUFFIX,adsmogo.com",REJECT
direct,"DOMAIN-SUFFIX,adukwai.com",DIRECT,"DOMAIN-SUFFIX,adukwai.com",REJECT
direct,"DOMAIN-SUFFIX,adups.com",DIRECT,"DOMAIN-SUFFIX,adups.com",REJECT
direct,"DOMAIN-SUFFIX,adutp.com",DIRECT,"DOMAIN-SUFFIX,adutp.com",REJECT
direct,"DOMAIN-SUFFIX,adview.com",DIRECT,"DOMAIN-SUFFIX,adview.com",REJECT
direct,"DOMAIN-SUFFIX,advlion.com",DIRECT,"DOMAIN-SUFFIX,advlion.com",REJECT
direct,"DOMAIN-SUFFIX,adwangmai.com",DIRECT,"DOMAIN-SUFFIX,adwangmai.com",REJECT
direct,"DOMAIN-SUFFIX,adwetec.com",DIRECT,"DOMAIN-SUFFIX,adwetec.com",REJECT
direct,"DOMAIN-SUFFIX,adwo.com",DIRECT,"DOMAIN-SUFFIX,adwo.com",REJECT
direct,"DOMAIN-SUFFIX,adxvip.com",DIRECT,"DOMAIN-SUFFIX,adxvip.com",REJECT
direct,"DOMAIN-SUFFIX,adyun.com",DIRECT,"DOMAIN-SUFFIX,adyun.com",REJECT
direct,"DOMAIN-SUFFIX,aiclk.com",DIRECT,"DOMAIN-SUFFIX,aiclk.com",REJECT
direct,"DOMAIN-SUFFIX,aivaylaco.com",DIRECT,"DOMAIN-SUFFIX,aivaylaco.com",REJECT
direct,"DOMAIN-SUFFIX,aiwanma99.com",DIRECT,"DOMAIN-SUFFIX,aiwanma99.com",REJECT
direct,"DOMAIN-SUFFIX,aiwei365.net",DIRECT,"DOMAIN-SUFFIX,aiwei365.net",REJECT
direct,"DOMAIN-SUFFIX,ajiang.net",DIRECT,"DOMAIN-SUFFIX,ajiang.net",REJECT
direct,"DOMAIN-SUFFIX,alipansou.com",DIRECT,"DOMAIN-SUFFIX,alipansou.com",REJECT
direct,"DOMAIN-SUFFIX,alipaylog.com",DIRECT,"DOMAIN-SUFFIX,alipaylog.com",REJECT
direct,"DOMAIN-SUFFIX,api.anythinktech.com",DIRECT,"DOMAIN-SUFFIX,anythinktech.com",REJECT
direct,"DOMAIN-SUFFIX,apkevery.com",DIRECT,"DOMAIN-SUFFIX,apkevery.com",REJECT
direct,"DOMAIN-SUFFIX,aqyad.com",DIRECT,"DOMAIN-SUFFIX,aqyad.com",REJECT
direct,"DOMAIN-SUFFIX,arpun.com",DIRECT,"DOMAIN-SUFFIX,arpun.com",REJECT
direct,"DOMAIN-SUFFIX,atpanel.com",DIRECT,"DOMAIN-SUFFIX,atpanel.com",REJECT
direct,"DOMAIN-SUFFIX,attribuly.com",DIRECT,"DOMAIN-SUFFIX,attribuly.com",REJECT
direct,"DOMAIN-SUFFIX,baidustatic.com",DIRECT,"DOMAIN-SUFFIX,baidustatic.com",REJECT
direct,"DOMAIN-SUFFIX,baifendian.com",DIRECT,"DOMAIN-SUFFIX,baifendian.com",REJECT
direct,"DOMAIN-SUFFIX,baixing.com",DIRECT,"DOMAIN-SUFFIX,baixing.com",REJECT
direct,"DOMAIN-SUFFIX,bakbitionb.com",DIRECT,"DOMAIN-SUFFIX,bakbitionb.com",REJECT
direct,"DOMAIN-SUFFIX,bartender.cc",DIRECT,"DOMAIN-SUFFIX,bartender.cc",REJECT
direct,"DOMAIN-SUFFIX,bayescom.com",DIRECT,"DOMAIN-SUFFIX,bayescom.com",REJECT
direct,"DOMAIN-SUFFIX,beizi.biz",DIRECT,"DOMAIN-SUFFIX,beizi.biz",REJECT
direct,"DOMAIN-SUFFIX,bengbeng.com",DIRECT,"DOMAIN-SUFFIX,bengbeng.com",REJECT
direct,"DOMAIN-SUFFIX,betterzipcn.com",DIRECT,"DOMAIN-SUFFIX,betterzipcn.com",REJECT
direct,"DOMAIN-SUFFIX,beyondcompare.cc",DIRECT,"DOMAIN-SUFFIX,beyondcompare.cc",REJECT
direct,"DOMAIN-SUFFIX,bianxian.com",DIRECT,"DOMAIN-SUFFIX,bianxian.com",REJECT
direct,"DOMAIN-SUFFIX,biddingx.com",DIRECT,"DOMAIN-SUFFIX,biddingx.com",REJECT
direct,"DOMAIN-SUFFIX,bidtoolads.com",DIRECT,"DOMAIN-SUFFIX,bidtoolads.com",REJECT
direct,"DOMAIN-SUFFIX,bigwww.com",DIRECT,"DOMAIN-SUFFIX,bigwww.com",REJECT
direct,"DOMAIN-SUFFIX,bihaipack.com",DIRECT,"DOMAIN-SUFFIX,bihaipack.com",REJECT
direct,"DOMAIN-SUFFIX,biqubao.com",DIRECT,"DOMAIN-SUFFIX,biqubao.com",REJECT
direct,"DOMAIN-SUFFIX,bjmantis.net",DIRECT,"DOMAIN-SUFFIX,bjmantis.net",REJECT
direct,"DOMAIN-SUFFIX,bobo.com",DIRECT,"DOMAIN-SUFFIX,bobo.com",REJECT
direct,"DOMAIN-SUFFIX,bootcss.com",DIRECT,"DOMAIN-SUFFIX,bootcss.com",REJECT
direct,"DOMAIN-SUFFIX,bpuvuun0xg.com",DIRECT,"DOMAIN-SUFFIX,bpuvuun0xg.com",REJECT
direct,"DOMAIN-SUFFIX,bsccdn.net",DIRECT,"DOMAIN-SUFFIX,bsccdn.net",REJECT
direct,"DOMAIN-SUFFIX,bsyrimw.xyz",DIRECT,"DOMAIN-SUFFIX,bsyrimw.xyz",REJECT
direct,"DOMAIN-SUFFIX,btyou.com",DIRECT,"DOMAIN-SUFFIX,btyou.com",REJECT
direct,"DOMAIN-SUFFIX,bxsnews.com",DIRECT,"DOMAIN-SUFFIX,bxsnews.com",REJECT
direct,"DOMAIN-SUFFIX,caomeixz7.xyz",DIRECT,"DOMAIN-SUFFIX,caomeixz7.xyz",REJECT
direct,"DOMAIN-SUFFIX,cartx.cloud",DIRECT,"DOMAIN-SUFFIX,cartx.cloud",REJECT
direct,"DOMAIN-SUFFIX,cdnmaster.com",DIRECT,"DOMAIN-SUFFIX,cdnmaster.com",REJECT
direct,"DOMAIN-SUFFIX,chance-ad.com",DIRECT,"DOMAIN-SUFFIX,chance-ad.com",REJECT
direct,"DOMAIN-SUFFIX,chinaciaf.org",DIRECT,"DOMAIN-SUFFIX,chinaciaf.org",REJECT
direct,"DOMAIN-SUFFIX,chiq-cloud.com",DIRECT,"DOMAIN-SUFFIX,chiq-cloud.com",REJECT
direct,"DOMAIN-SUFFIX,chshcms.net",DIRECT,"DOMAIN-SUFFIX,chshcms.net",REJECT
direct,"DOMAIN-SUFFIX,cityhuitech.com",DIRECT,"DOMAIN-SUFFIX,cityhuitech.com",REJECT
direct,"DOMAIN-SUFFIX,clickwifi.net",DIRECT,"DOMAIN-SUFFIX,clickwifi.net",REJECT
direct,"DOMAIN-SUFFIX,cloooud.com",DIRECT,"DOMAIN-SUFFIX,cloooud.com",REJECT
direct,"DOMAIN-SUFFIX,cmgadx.com",DIRECT,"DOMAIN-SUFFIX,cmgadx.com",REJECT
direct,"DOMAIN-SUFFIX,cnaa123.com",DIRECT,"DOMAIN-SUFFIX,cnaa123.com",REJECT
direct,"DOMAIN-SUFFIX,cnzz.com",DIRECT,"DOMAIN-SUFFIX,cnzz.com",REJECT
direct,"DOMAIN-SUFFIX,coocaatv.com",DIRECT,"DOMAIN-SUFFIX,coocaatv.com",REJECT
direct,"DOMAIN-SUFFIX,coolkaba.com",DIRECT,"DOMAIN-SUFFIX,coolkaba.com",REJECT
direct,"DOMAIN-SUFFIX,coreldrawchina.com",DIRECT,"DOMAIN-SUFFIX,coreldrawchina.com",REJECT
direct,"DOMAIN-SUFFIX,cp7iys8fp.com",DIRECT,"DOMAIN-SUFFIX,cp7iys8fp.com",REJECT
direct,"DOMAIN-SUFFIX,cpatrk.net",DIRECT,"DOMAIN-SUFFIX,cpatrk.net",REJECT
direct,"DOMAIN-SUFFIX,crossoverchina.com",DIRECT,"DOMAIN-SUFFIX,crossoverchina.com",REJECT
direct,"DOMAIN-SUFFIX,csaimall.com",DIRECT,"DOMAIN-SUFFIX,csaimall.com",REJECT
direct,"DOMAIN-SUFFIX,csbew.com",DIRECT,"DOMAIN-SUFFIX,csbew.com",REJECT
direct,"DOMAIN-SUFFIX,csjplatform.com",DIRECT,"DOMAIN-SUFFIX,csjplatform.com",REJECT
direct,"DOMAIN-SUFFIX,ctobsnssdk.com",DIRECT,"DOMAIN-SUFFIX,ctobsnssdk.com",REJECT
direct,"DOMAIN-SUFFIX,ctrmi.com",DIRECT,"DOMAIN-SUFFIX,ctrmi.com",REJECT
direct,"DOMAIN-SUFFIX,d7ytrv7yxa.com",DIRECT,"DOMAIN-SUFFIX,d7ytrv7yxa.com",REJECT
direct,"DOMAIN-SUFFIX,da.anythinktech.com",DIRECT,"DOMAIN-SUFFIX,anythinktech.com",REJECT
direct,"DOMAIN-SUFFIX,dabaicai.com",DIRECT,"DOMAIN-SUFFIX,dabaicai.com",REJECT
direct,"DOMAIN-SUFFIX,dabaoku.com",DIRECT,"DOMAIN-SUFFIX,dabaoku.com",REJECT
direct,"DOMAIN-SUFFIX,daoyoudao.com",DIRECT,"DOMAIN-SUFFIX,daoyoudao.com",REJECT
direct,"DOMAIN-SUFFIX,daraz.com",DIRECT,"DOMAIN-SUFFIX,daraz.com",REJECT
direct,"DOMAIN-SUFFIX,datk.anythinktech.com",DIRECT,"DOMAIN-SUFFIX,anythinktech.com",REJECT
direct,"DOMAIN-SUFFIX,dazhantai.com",DIRECT,"DOMAIN-SUFFIX,dazhantai.com",REJECT
direct,"DOMAIN-SUFFIX,db8b41ie5.com",DIRECT,"DOMAIN-SUFFIX,db8b41ie5.com",REJECT
direct,"DOMAIN-SUFFIX,detailroi.com",DIRECT,"DOMAIN-SUFFIX,detailroi.com",REJECT
direct,"DOMAIN-SUFFIX,dfi09181kq.com",DIRECT,"DOMAIN-SUFFIX,dfi09181kq.com",REJECT
direct,"DOMAIN-SUFFIX,diannaodian.com",DIRECT,"DOMAIN-SUFFIX,diannaodian.com",REJECT
direct,"DOMAIN-SUFFIX,dianru.com",DIRECT,"DOMAIN-SUFFIX,dianru.com",REJECT
direct,"DOMAIN-SUFFIX,dipan.com",DIRECT,"DOMAIN-SUFFIX,dipan.com",REJECT
direct,"DOMAIN-SUFFIX,dmrtb.com",DIRECT,"DOMAIN-SUFFIX,dmrtb.com",REJECT
direct,"DOMAIN-SUFFIX,do-global.com",DIRECT,"DOMAIN-SUFFIX,do-global.com",REJECT
direct,"DOMAIN-SUFFIX,doglobal.net",DIRECT,"DOMAIN-SUFFIX,doglobal.net",REJECT
direct,"DOMAIN-SUFFIX,dolphinpaper.com",DIRECT,"DOMAIN-SUFFIX,dolphinpaper.com",REJECT
direct,"DOMAIN-SUFFIX,dopa.com",DIRECT,"DOMAIN-SUFFIX,dopa.com",REJECT
direct,"DOMAIN-SUFFIX,doumob.com",DIRECT,"DOMAIN-SUFFIX,doumob.com",REJECT
direct,"DOMAIN-SUFFIX,drdwy.com",DIRECT,"DOMAIN-SUFFIX,drdwy.com",REJECT
direct,"DOMAIN-SUFFIX,drivethelife.com",DIRECT,"DOMAIN-SUFFIX,drivethelife.com",REJECT
direct,"DOMAIN-SUFFIX,dualspace.com",DIRECT,"DOMAIN-SUFFIX,dualspace.com",REJECT
direct,"DOMAIN-SUFFIX,duapp.com",DIRECT,"DOMAIN-SUFFIX,duapp.com",REJECT
direct,"DOMAIN-SUFFIX,duapps.com",DIRECT,"DOMAIN-SUFFIX,duapps.com",REJECT
direct,"DOMAIN-SUFFIX,duba.com",DIRECT,"DOMAIN-SUFFIX,duba.com",REJECT
direct,"DOMAIN-SUFFIX,duba.net",DIRECT,"DOMAIN-SUFFIX,duba.net",REJECT
direct,"DOMAIN-SUFFIX,duomai.com",DIRECT,"DOMAIN-SUFFIX,duomai.com",REJECT
direct,"DOMAIN-SUFFIX,duote.com",DIRECT,"DOMAIN-SUFFIX,duote.com",REJECT
direct,"DOMAIN-SUFFIX,dutils.com",DIRECT,"DOMAIN-SUFFIX,dutils.com",REJECT
direct,"DOMAIN-SUFFIX,dxpmedia.com",DIRECT,"DOMAIN-SUFFIX,dxpmedia.com",REJECT
direct,"DOMAIN-SUFFIX,dytuj6zs26.com",DIRECT,"DOMAIN-SUFFIX,dytuj6zs26.com",REJECT
direct,"DOMAIN-SUFFIX,eagllwin.com",DIRECT,"DOMAIN-SUFFIX,eagllwin.com",REJECT
direct,"DOMAIN-SUFFIX,easou.com",DIRECT,"DOMAIN-SUFFIX,easou.com",REJECT
direct,"DOMAIN-SUFFIX,easyliao.com",DIRECT,"DOMAIN-SUFFIX,easyliao.com",REJECT
direct,"DOMAIN-SUFFIX,easyrecoverychina.com",DIRECT,"DOMAIN-SUFFIX,easyrecoverychina.com",REJECT
direct,"DOMAIN-SUFFIX,easytomessage.com",DIRECT,"DOMAIN-SUFFIX,easytomessage.com",REJECT
direct,"DOMAIN-SUFFIX,edgeone.app",DIRECT,"DOMAIN-SUFFIX,edgeone.app",REJECT
direct,"DOMAIN-SUFFIX,effirst.com",DIRECT,"DOMAIN-SUFFIX,effirst.com",REJECT
direct,"DOMAIN-SUFFIX,efusc.com",DIRECT,"DOMAIN-SUFFIX,efusc.com",REJECT
direct,"DOMAIN-SUFFIX,evyy.net",DIRECT,"DOMAIN-SUFFIX,evyy.net",REJECT
direct,"DOMAIN-SUFFIX,fancyapi.com",DIRECT,"DOMAIN-SUFFIX,fancyapi.com",REJECT
direct,"DOMAIN-SUFFIX,fancydsp.com",DIRECT,"DOMAIN-SUFFIX,fancydsp.com",REJECT
direct,"DOMAIN-SUFFIX,fastapi.net",DIRECT,"DOMAIN-SUFFIX,fastapi.net",REJECT
direct,"DOMAIN-SUFFIX,feitian001.com",DIRECT,"DOMAIN-SUFFIX,feitian001.com",REJECT
direct,"DOMAIN-SUFFIX,fengyixin.com",DIRECT,"DOMAIN-SUFFIX,fengyixin.com",REJECT
direct,"DOMAIN-SUFFIX,fenxi.com",DIRECT,"DOMAIN-SUFFIX,fenxi.com",REJECT
direct,"DOMAIN-SUFFIX,fiehff.com",DIRECT,"DOMAIN-SUFFIX,fiehff.com",REJECT
direct,"DOMAIN-SUFFIX,fkesfg.com",DIRECT,"DOMAIN-SUFFIX,fkesfg.com",REJECT
direct,"DOMAIN-SUFFIX,flstudiochina.com",DIRECT,"DOMAIN-SUFFIX,flstudiochina.com",REJECT
direct,"DOMAIN-SUFFIX,foisonad.com",DIRECT,"DOMAIN-SUFFIX,foisonad.com",REJECT
direct,"DOMAIN-SUFFIX,formysql.com",DIRECT,"DOMAIN-SUFFIX,formysql.com",REJECT
direct,"DOMAIN-SUFFIX,fotao9.com",DIRECT,"DOMAIN-SUFFIX,fotao9.com",REJECT
direct,"DOMAIN-SUFFIX,fugetech.com",DIRECT,"DOMAIN-SUFFIX,fugetech.com",REJECT
direct,"DOMAIN-SUFFIX,g15wt3ci68.com",DIRECT,"DOMAIN-SUFFIX,g15wt3ci68.com",REJECT
direct,"DOMAIN-SUFFIX,gainifyads.com",DIRECT,"DOMAIN-SUFFIX,gainifyads.com",REJECT
direct,"DOMAIN-SUFFIX,gaoshouyou.com",DIRECT,"DOMAIN-SUFFIX,gaoshouyou.com",REJECT
direct,"DOMAIN-SUFFIX,gdtimg.com",DIRECT,"DOMAIN-SUFFIX,gdtimg.com",REJECT
direct,"DOMAIN-SUFFIX,gepush.com",DIRECT,"DOMAIN-SUFFIX,gepush.com",REJECT
direct,"DOMAIN-SUFFIX,getui.com",DIRECT,"DOMAIN-SUFFIX,getui.com",REJECT
direct,"DOMAIN-SUFFIX,getui.net",DIRECT,"DOMAIN-SUFFIX,getui.net",REJECT
direct,"DOMAIN-SUFFIX,giocdn.com",DIRECT,"DOMAIN-SUFFIX,giocdn.com",REJECT
direct,"DOMAIN-SUFFIX,glwxw.net",DIRECT,"DOMAIN-SUFFIX,glwxw.net",REJECT
direct,"DOMAIN-SUFFIX,goforandroid.com",DIRECT,"DOMAIN-SUFFIX,goforandroid.com",REJECT
direct,"DOMAIN-SUFFIX,gongxifc.com",DIRECT,"DOMAIN-SUFFIX,gongxifc.com",REJECT
direct,"DOMAIN-SUFFIX,gridsum.com",DIRECT,"DOMAIN-SUFFIX,gridsum.com",REJECT
direct,"DOMAIN-SUFFIX,gridsumdissector.com",DIRECT,"DOMAIN-SUFFIX,gridsumdissector.com",REJECT
direct,"DOMAIN-SUFFIX,growingio.com",DIRECT,"DOMAIN-SUFFIX,growingio.com",REJECT
direct,"DOMAIN-SUFFIX,gskwai.com",DIRECT,"DOMAIN-SUFFIX,gskwai.com",REJECT
direct,"DOMAIN-SUFFIX,gtags.net",DIRECT,"DOMAIN-SUFFIX,gtags.net",REJECT
direct,"DOMAIN-SUFFIX,guangzhuiyuan.com",DIRECT,"DOMAIN-SUFFIX,guangzhuiyuan.com",REJECT
direct,"DOMAIN-SUFFIX,guitarpro.cc",DIRECT,"DOMAIN-SUFFIX,guitarpro.cc",REJECT
direct,"DOMAIN-SUFFIX,guomob.com",DIRECT,"DOMAIN-SUFFIX,guomob.com",REJECT
direct,"DOMAIN-SUFFIX,gw7jpuouik.com",DIRECT,"DOMAIN-SUFFIX,gw7jpuouik.com",REJECT
direct,"DOMAIN-SUFFIX,gz-data.com",DIRECT,"DOMAIN-SUFFIX,gz-data.com",REJECT
direct,"DOMAIN-SUFFIX,gzcl999.com",DIRECT,"DOMAIN-SUFFIX,gzcl999.com",REJECT
direct,"DOMAIN-SUFFIX,gzpinda.com",DIRECT,"DOMAIN-SUFFIX,gzpinda.com",REJECT
direct,"DOMAIN-SUFFIX,h6295.com",DIRECT,"DOMAIN-SUFFIX,h6295.com",REJECT
direct,"DOMAIN-SUFFIX,hanlanad.com",DIRECT,"DOMAIN-SUFFIX,hanlanad.com",REJECT
direct,"DOMAIN-SUFFIX,haozhuangji.com",DIRECT,"DOMAIN-SUFFIX,haozhuangji.com",REJECT
direct,"DOMAIN-SUFFIX,hapying.com",DIRECT,"DOMAIN-SUFFIX,hapying.com",REJECT
direct,"DOMAIN-SUFFIX,hashnest.com",DIRECT,"DOMAIN-SUFFIX,hashnest.com",REJECT
direct,"DOMAIN-SUFFIX,hczzw.com",DIRECT,"DOMAIN-SUFFIX,hczzw.com",REJECT
direct,"DOMAIN-SUFFIX,heima8.com",DIRECT,"DOMAIN-SUFFIX,heima8.com",REJECT
direct,"DOMAIN-SUFFIX,hiaiabc.com",DIRECT,"DOMAIN-SUFFIX,hiaiabc.com",REJECT
direct,"DOMAIN-SUFFIX,hiido.com",DIRECT,"DOMAIN-SUFFIX,hiido.com",REJECT
direct,"DOMAIN-SUFFIX,hlj10031ip.com",DIRECT,"DOMAIN-SUFFIX,hlj10031ip.com",REJECT
direct,"DOMAIN-SUFFIX,hlstlyy.com",DIRECT,"DOMAIN-SUFFIX,hlstlyy.com",REJECT
direct,"DOMAIN-SUFFIX,hly.com",DIRECT,"DOMAIN-SUFFIX,hly.com",REJECT
direct,"DOMAIN-SUFFIX,hnltcw.com",DIRECT,"DOMAIN-SUFFIX,hnltcw.com",REJECT
direct,"DOMAIN-SUFFIX,hnol.net",DIRECT,"DOMAIN-SUFFIX,hnol.net",REJECT
direct,"DOMAIN-SUFFIX,hseda.com",DIRECT,"DOMAIN-SUFFIX,hseda.com",REJECT
direct,"DOMAIN-SUFFIX,httpdns.pro",DIRECT,"DOMAIN-SUFFIX,httpdns.pro",REJECT
direct,"DOMAIN-SUFFIX,huabian.com",DIRECT,"DOMAIN-SUFFIX,huabian.com",REJECT
direct,"DOMAIN-SUFFIX,huoying666.com",DIRECT,"DOMAIN-SUFFIX,huoying666.com",REJECT
direct,"DOMAIN-SUFFIX,hypers.com",DIRECT,"DOMAIN-SUFFIX,hypers.com",REJECT
direct,"DOMAIN-SUFFIX,ibwm5lynb6.com",DIRECT,"DOMAIN-SUFFIX,ibwm5lynb6.com",REJECT
direct,"DOMAIN-SUFFIX,id6.me",DIRECT,"DOMAIN-SUFFIX,id6.me",REJECT
direct,"DOMAIN-SUFFIX,idmchina.net",DIRECT,"DOMAIN-SUFFIX,idmchina.net",REJECT
direct,"DOMAIN-SUFFIX,iemiq.com",DIRECT,"DOMAIN-SUFFIX,iemiq.com",REJECT
direct,"DOMAIN-SUFFIX,ietheivaicai.com",DIRECT,"DOMAIN-SUFFIX,ietheivaicai.com",REJECT
direct,"DOMAIN-SUFFIX,igetui.com",DIRECT,"DOMAIN-SUFFIX,igetui.com",REJECT
direct,"DOMAIN-SUFFIX,igexin.com",DIRECT,"DOMAIN-SUFFIX,igexin.com",REJECT
direct,"DOMAIN-SUFFIX,ijinshan.com",DIRECT,"DOMAIN-SUFFIX,ijinshan.com",REJECT
direct,"DOMAIN-SUFFIX,imageter.com",DIRECT,"DOMAIN-SUFFIX,imageter.com",REJECT
direct,"DOMAIN-SUFFIX,img001.com",DIRECT,"DOMAIN-SUFFIX,img001.com",REJECT
direct,"DOMAIN-SUFFIX,imindmap.cc",DIRECT,"DOMAIN-SUFFIX,imindmap.cc",REJECT
direct,"DOMAIN-SUFFIX,imlb2c.com",DIRECT,"DOMAIN-SUFFIX,imlb2c.com",REJECT
direct,"DOMAIN-SUFFIX,imop.com",DIRECT,"DOMAIN-SUFFIX,imop.com",REJECT
direct,"DOMAIN-SUFFIX,inad.com",DIRECT,"DOMAIN-SUFFIX,inad.com",REJECT
direct,"DOMAIN-SUFFIX,inping.com",DIRECT,"DOMAIN-SUFFIX,inping.com",REJECT
direct,"DOMAIN-SUFFIX,ipinyou.com",DIRECT,"DOMAIN-SUFFIX,ipinyou.com",REJECT
direct,"DOMAIN-SUFFIX,irs01.com",DIRECT,"DOMAIN-SUFFIX,irs01.com",REJECT
direct,"DOMAIN-SUFFIX,iscrv.com",DIRECT,"DOMAIN-SUFFIX,iscrv.com",REJECT
direct,"DOMAIN-SUFFIX,jab88.com",DIRECT,"DOMAIN-SUFFIX,jab88.com",REJECT
direct,"DOMAIN-SUFFIX,jaccsz.com",DIRECT,"DOMAIN-SUFFIX,jaccsz.com",REJECT
direct,"DOMAIN-SUFFIX,jbsy20riz9.com",DIRECT,"DOMAIN-SUFFIX,jbsy20riz9.com",REJECT
direct,"DOMAIN-SUFFIX,jddaw.com",DIRECT,"DOMAIN-SUFFIX,jddaw.com",REJECT
direct,"DOMAIN-SUFFIX,jehudf.com",DIRECT,"DOMAIN-SUFFIX,jehudf.com",REJECT
direct,"DOMAIN-SUFFIX,jesgoo.com",DIRECT,"DOMAIN-SUFFIX,jesgoo.com",REJECT
direct,"DOMAIN-SUFFIX,jiankongbao.com",DIRECT,"DOMAIN-SUFFIX,jiankongbao.com",REJECT
direct,"DOMAIN-SUFFIX,jiaopei.com",DIRECT,"DOMAIN-SUFFIX,jiaopei.com",REJECT
direct,"DOMAIN-SUFFIX,jiedaibao.com",DIRECT,"DOMAIN-SUFFIX,jiedaibao.com",REJECT
direct,"DOMAIN-SUFFIX,jm3uvitq0.com",DIRECT,"DOMAIN-SUFFIX,jm3uvitq0.com",REJECT
direct,"DOMAIN-SUFFIX,jmlk.co",DIRECT,"DOMAIN-SUFFIX,jmlk.co",REJECT
direct,"DOMAIN-SUFFIX,joi09110pt.com",DIRECT,"DOMAIN-SUFFIX,joi09110pt.com",REJECT
direct,"DOMAIN-SUFFIX,jollyspring.com",DIRECT,"DOMAIN-SUFFIX,jollyspring.com",REJECT
direct,"DOMAIN-SUFFIX,jpush.io",DIRECT,"DOMAIN-SUFFIX,jpush.io",REJECT
direct,"DOMAIN-SUFFIX,jpushoa.com",DIRECT,"DOMAIN-SUFFIX,jpushoa.com",REJECT
direct,"DOMAIN-SUFFIX,jrq39d1r8.com",DIRECT,"DOMAIN-SUFFIX,jrq39d1r8.com",REJECT
direct,"DOMAIN-SUFFIX,jsmxkj.com",DIRECT,"DOMAIN-SUFFIX,jsmxkj.com",REJECT
direct,"DOMAIN-SUFFIX,jsyefc.com",DIRECT,"DOMAIN-SUFFIX,jsyefc.com",REJECT
direct,"DOMAIN-SUFFIX,jusha.com",DIRECT,"DOMAIN-SUFFIX,jusha.com",REJECT
direct,"DOMAIN-SUFFIX,jxdown.com",DIRECT,"DOMAIN-SUFFIX,jxdown.com",REJECT
direct,"DOMAIN-SUFFIX,jy135.com",DIRECT,"DOMAIN-SUFFIX,jy135.com",REJECT
direct,"DOMAIN-SUFFIX,kajicam.com",DIRECT,"DOMAIN-SUFFIX,kajicam.com",REJECT
direct,"DOMAIN-SUFFIX,kickoffo.site",DIRECT,"DOMAIN-SUFFIX,kickoffo.site",REJECT
direct,"DOMAIN-SUFFIX,kivo.fun",DIRECT,"DOMAIN-SUFFIX,kivo.fun",REJECT
direct,"DOMAIN-SUFFIX,knowsafe.com",DIRECT,"DOMAIN-SUFFIX,knowsafe.com",REJECT
direct,"DOMAIN-SUFFIX,koebpmhcce.com",DIRECT,"DOMAIN-SUFFIX,koebpmhcce.com",REJECT
direct,"DOMAIN-SUFFIX,kokojia.com",DIRECT,"DOMAIN-SUFFIX,kokojia.com",REJECT
direct,"DOMAIN-SUFFIX,koowo.com",DIRECT,"DOMAIN-SUFFIX,koowo.com",REJECT
direct,"DOMAIN-SUFFIX,kouclo.com",DIRECT,"DOMAIN-SUFFIX,kouclo.com",REJECT
direct,"DOMAIN-SUFFIX,kuaizip.com",DIRECT,"DOMAIN-SUFFIX,kuaizip.com",REJECT
direct,"DOMAIN-SUFFIX,kuaizitech.com",DIRECT,"DOMAIN-SUFFIX,kuaizitech.com",REJECT
direct,"DOMAIN-SUFFIX,kuheju.com",DIRECT,"DOMAIN-SUFFIX,kuheju.com",REJECT
direct,"DOMAIN-SUFFIX,kuk8.com",DIRECT,"DOMAIN-SUFFIX,kuk8.com",REJECT
direct,"DOMAIN-SUFFIX,kuyun.com",DIRECT,"DOMAIN-SUFFIX,kuyun.com",REJECT
direct,"DOMAIN-SUFFIX,ky595images.com",DIRECT,"DOMAIN-SUFFIX,ky595images.com",REJECT
direct,"DOMAIN-SUFFIX,lady177.com",DIRECT,"DOMAIN-SUFFIX,lady177.com",REJECT
direct,"DOMAIN-SUFFIX,laomaotao.net",DIRECT,"DOMAIN-SUFFIX,laomaotao.net",REJECT
direct,"DOMAIN-SUFFIX,ldhy.click",DIRECT,"DOMAIN-SUFFIX,ldhy.click",REJECT
direct,"DOMAIN-SUFFIX,leshu.com",DIRECT,"DOMAIN-SUFFIX,leshu.com",REJECT
direct,"DOMAIN-SUFFIX,libaishuo.com",DIRECT,"DOMAIN-SUFFIX,libaishuo.com",REJECT
direct,"DOMAIN-SUFFIX,liebaovip.com",DIRECT,"DOMAIN-SUFFIX,liebaovip.com",REJECT
direct,"DOMAIN-SUFFIX,linezing.com",DIRECT,"DOMAIN-SUFFIX,linezing.com",REJECT
direct,"DOMAIN-SUFFIX,linkhaitao.com",DIRECT,"DOMAIN-SUFFIX,linkhaitao.com",REJECT
direct,"DOMAIN-SUFFIX,lishibu.com",DIRECT,"DOMAIN-SUFFIX,lishibu.com",REJECT
direct,"DOMAIN-SUFFIX,litchiads.com",DIRECT,"DOMAIN-SUFFIX,litchiads.com",REJECT
direct,"DOMAIN-SUFFIX,lkme.cc",DIRECT,"DOMAIN-SUFFIX,lkme.cc",REJECT
direct,"DOMAIN-SUFFIX,lm335.com",DIRECT,"DOMAIN-SUFFIX,lm335.com",REJECT
direct,"DOMAIN-SUFFIX,lnk0.com",DIRECT,"DOMAIN-SUFFIX,lnk0.com",REJECT
direct,"DOMAIN-SUFFIX,lnme1q1qa.com",DIRECT,"DOMAIN-SUFFIX,lnme1q1qa.com",REJECT
direct,"DOMAIN-SUFFIX,looyu.com",DIRECT,"DOMAIN-SUFFIX,looyu.com",REJECT
direct,"DOMAIN-SUFFIX,lrswl.com",DIRECT,"DOMAIN-SUFFIX,lrswl.com",REJECT
direct,"DOMAIN-SUFFIX,ludashi.com",DIRECT,"DOMAIN-SUFFIX,ludashi.com",REJECT
direct,"DOMAIN-SUFFIX,luyouxia.net",DIRECT,"DOMAIN-SUFFIX,luyouxia.net",REJECT
direct,"DOMAIN-SUFFIX,lydownload.net",DIRECT,"DOMAIN-SUFFIX,lydownload.net",REJECT
direct,"DOMAIN-SUFFIX,lyjq9gwob.com",DIRECT,"DOMAIN-SUFFIX,lyjq9gwob.com",REJECT
direct,"DOMAIN-SUFFIX,m3cqjc3og6.com",DIRECT,"DOMAIN-SUFFIX,m3cqjc3og6.com",REJECT
direct,"DOMAIN-SUFFIX,m43ocq1uoj.com",DIRECT,"DOMAIN-SUFFIX,m43ocq1uoj.com",REJECT
direct,"DOMAIN-SUFFIX,makeding.com",DIRECT,"DOMAIN-SUFFIX,makeding.com",REJECT
direct,"DOMAIN-SUFFIX,mangomob.net",DIRECT,"DOMAIN-SUFFIX,mangomob.net",REJECT
direct,"DOMAIN-SUFFIX,manyou.com",DIRECT,"DOMAIN-SUFFIX,manyou.com",REJECT
direct,"DOMAIN-SUFFIX,mbaobao.com",DIRECT,"DOMAIN-SUFFIX,mbaobao.com",REJECT
direct,"DOMAIN-SUFFIX,mediav.com",DIRECT,"DOMAIN-SUFFIX,mediav.com",REJECT
direct,"DOMAIN-SUFFIX,medproad.com",DIRECT,"DOMAIN-SUFFIX,medproad.com",REJECT
direct,"DOMAIN-SUFFIX,meiqia.com",DIRECT,"DOMAIN-SUFFIX,meiqia.com",REJECT
direct,"DOMAIN-SUFFIX,meitustat.com",DIRECT,"DOMAIN-SUFFIX,meitustat.com",REJECT
direct,"DOMAIN-SUFFIX,metaversemolecule.com",DIRECT,"DOMAIN-SUFFIX,metaversemolecule.com",REJECT
direct,"DOMAIN-SUFFIX,miaozhen.com",DIRECT,"DOMAIN-SUFFIX,miaozhen.com",REJECT
direct,"DOMAIN-SUFFIX,microad-cn.com",DIRECT,"DOMAIN-SUFFIX,microad-cn.com",REJECT
direct,"DOMAIN-SUFFIX,miduoke.net",DIRECT,"DOMAIN-SUFFIX,miduoke.net",REJECT
direct,"DOMAIN-SUFFIX,midway.run",DIRECT,"DOMAIN-SUFFIX,midway.run",REJECT
direct,"DOMAIN-SUFFIX,mindmapper.cc",DIRECT,"DOMAIN-SUFFIX,mindmapper.cc",REJECT
direct,"DOMAIN-SUFFIX,mjmobi.com",DIRECT,"DOMAIN-SUFFIX,mjmobi.com",REJECT
direct,"DOMAIN-SUFFIX,mmkkiivv.com",DIRECT,"DOMAIN-SUFFIX,mmkkiivv.com",REJECT
direct,"DOMAIN-SUFFIX,mmstat.com",DIRECT,"DOMAIN-SUFFIX,mmstat.com",REJECT
direct,"DOMAIN-SUFFIX,mob.com",DIRECT,"DOMAIN-SUFFIX,mob.com",REJECT
direct,"DOMAIN-SUFFIX,mobaders.com",DIRECT,"DOMAIN-SUFFIX,mobaders.com",REJECT
direct,"DOMAIN-SUFFIX,mobgi.com",DIRECT,"DOMAIN-SUFFIX,mobgi.com",REJECT
direct,"DOMAIN-SUFFIX,moquanad.com",DIRECT,"DOMAIN-SUFFIX,moquanad.com",REJECT
direct,"DOMAIN-SUFFIX,mrlxc51byo.com",DIRECT,"DOMAIN-SUFFIX,mrlxc51byo.com",REJECT
direct,"DOMAIN-SUFFIX,mstatik.com",DIRECT,"DOMAIN-SUFFIX,mstatik.com",REJECT
direct,"DOMAIN-SUFFIX,muidar.com",DIRECT,"DOMAIN-SUFFIX,muidar.com",REJECT
direct,"DOMAIN-SUFFIX,mycleanmymac.com",DIRECT,"DOMAIN-SUFFIX,mycleanmymac.com",REJECT
direct,"DOMAIN-SUFFIX,n69.com",DIRECT,"DOMAIN-SUFFIX,n69.com",REJECT
direct,"DOMAIN-SUFFIX,nalook.com",DIRECT,"DOMAIN-SUFFIX,nalook.com",REJECT
direct,"DOMAIN-SUFFIX,nasimobi.com",DIRECT,"DOMAIN-SUFFIX,nasimobi.com",REJECT
direct,"DOMAIN-SUFFIX,nb4ds7c13d.com",DIRECT,"DOMAIN-SUFFIX,nb4ds7c13d.com",REJECT
direct,"DOMAIN-SUFFIX,networkbench.com",DIRECT,"DOMAIN-SUFFIX,networkbench.com",REJECT
direct,"DOMAIN-SUFFIX,nfksjkfs.com",DIRECT,"DOMAIN-SUFFIX,nfksjkfs.com",REJECT
direct,"DOMAIN-SUFFIX,nike666.com",DIRECT,"DOMAIN-SUFFIX,nike666.com",REJECT
direct,"DOMAIN-SUFFIX,nkscdn.com",DIRECT,"DOMAIN-SUFFIX,nkscdn.com",REJECT
direct,"DOMAIN-SUFFIX,ntfsformac.cc",DIRECT,"DOMAIN-SUFFIX,ntfsformac.cc",REJECT
direct,"DOMAIN-SUFFIX,nzl09250oa.com",DIRECT,"DOMAIN-SUFFIX,nzl09250oa.com",REJECT
direct,"DOMAIN-SUFFIX,o8u3n4q7fe.com",DIRECT,"DOMAIN-SUFFIX,o8u3n4q7fe.com",REJECT
direct,"DOMAIN-SUFFIX,oadz.com",DIRECT,"DOMAIN-SUFFIX,oadz.com",REJECT
direct,"DOMAIN-SUFFIX,obsworks.com",DIRECT,"DOMAIN-SUFFIX,obsworks.com",REJECT
direct,"DOMAIN-SUFFIX,offerstrack.net",DIRECT,"DOMAIN-SUFFIX,offerstrack.net",REJECT
direct,"DOMAIN-SUFFIX,oneapm.com",DIRECT,"DOMAIN-SUFFIX,oneapm.com",REJECT
direct,"DOMAIN-SUFFIX,onelnk.com",DIRECT,"DOMAIN-SUFFIX,onelnk.com",REJECT
direct,"DOMAIN-SUFFIX,onezapp.com",DIRECT,"DOMAIN-SUFFIX,onezapp.com",REJECT
direct,"DOMAIN-SUFFIX,ooniu.com",DIRECT,"DOMAIN-SUFFIX,ooniu.com",REJECT
direct,"DOMAIN-SUFFIX,openinstall.io",DIRECT,"DOMAIN-SUFFIX,openinstall.io",REJECT
direct,"DOMAIN-SUFFIX,optimix.asia",DIRECT,"DOMAIN-SUFFIX,optimix.asia",REJECT
direct,"DOMAIN-SUFFIX,oshoplive.com",DIRECT,"DOMAIN-SUFFIX,oshoplive.com",REJECT
direct,"DOMAIN-SUFFIX,ouyaoxiazai.com",DIRECT,"DOMAIN-SUFFIX,ouyaoxiazai.com",REJECT
direct,"DOMAIN-SUFFIX,oyz61nhz8.com",DIRECT,"DOMAIN-SUFFIX,oyz61nhz8.com",REJECT
direct,"DOMAIN-SUFFIX,p2cdn.com",DIRECT,"DOMAIN-SUFFIX,p2cdn.com",REJECT
direct,"DOMAIN-SUFFIX,pagechoice.com",DIRECT,"DOMAIN-SUFFIX,pagechoice.com",REJECT
direct,"DOMAIN-SUFFIX,pagechoice.net",DIRECT,"DOMAIN-SUFFIX,pagechoice.net",REJECT
direct,"DOMAIN-SUFFIX,paime.com",DIRECT,"DOMAIN-SUFFIX,paime.com",REJECT
direct,"DOMAIN-SUFFIX,pangolin-sdk-toutiao-b.com",DIRECT,"DOMAIN-SUFFIX,pangolin-sdk-toutiao-b.com",REJECT
direct,"DOMAIN-SUFFIX,pangolin-sdk-toutiao.com",DIRECT,"DOMAIN-SUFFIX,pangolin-sdk-toutiao.com",REJECT
direct,"DOMAIN-SUFFIX,pangolin-sdk-toutiao1.com",DIRECT,"DOMAIN-SUFFIX,pangolin-sdk-toutiao1.com",REJECT
direct,"DOMAIN-SUFFIX,pcpop.com",DIRECT,"DOMAIN-SUFFIX,pcpop.com",REJECT
direct,"DOMAIN-SUFFIX,pdfxd.com",DIRECT,"DOMAIN-SUFFIX,pdfxd.com",REJECT
direct,"DOMAIN-SUFFIX,peiyou.com",DIRECT,"DOMAIN-SUFFIX,peiyou.com",REJECT
direct,"DOMAIN-SUFFIX,penxiangge.com",DIRECT,"DOMAIN-SUFFIX,penxiangge.com",REJECT
direct,"DOMAIN-SUFFIX,pglstatp-toutiao.com",DIRECT,"DOMAIN-SUFFIX,pglstatp-toutiao.com",REJECT
direct,"DOMAIN-SUFFIX,photozoomchina.com",DIRECT,"DOMAIN-SUFFIX,photozoomchina.com",REJECT
direct,"DOMAIN-SUFFIX,pikacn.com",DIRECT,"DOMAIN-SUFFIX,pikacn.com",REJECT
direct,"DOMAIN-SUFFIX,play-analytics.com",DIRECT,"DOMAIN-SUFFIX,play-analytics.com",REJECT
direct,"DOMAIN-SUFFIX,pop800.com",DIRECT,"DOMAIN-SUFFIX,pop800.com",REJECT
direct,"DOMAIN-SUFFIX,ptmind.com",DIRECT,"DOMAIN-SUFFIX,ptmind.com",REJECT
direct,"DOMAIN-SUFFIX,puata.info",DIRECT,"DOMAIN-SUFFIX,puata.info",REJECT
direct,"DOMAIN-SUFFIX,pushauction.com",DIRECT,"DOMAIN-SUFFIX,pushauction.com",REJECT
direct,"DOMAIN-SUFFIX,qcjslm.com",DIRECT,"DOMAIN-SUFFIX,qcjslm.com",REJECT
direct,"DOMAIN-SUFFIX,qfihdr.com",DIRECT,"DOMAIN-SUFFIX,qfihdr.com",REJECT
direct,"DOMAIN-SUFFIX,qhupdate.com",DIRECT,"DOMAIN-SUFFIX,qhupdate.com",REJECT
direct,"DOMAIN-SUFFIX,qiyou.com",DIRECT,"DOMAIN-SUFFIX,qiyou.com",REJECT
direct,"DOMAIN-SUFFIX,qooic.com",DIRECT,"DOMAIN-SUFFIX,qooic.com",REJECT
direct,"DOMAIN-SUFFIX,qq2tdd0xx.com",DIRECT,"DOMAIN-SUFFIX,qq2tdd0xx.com",REJECT
direct,"DOMAIN-SUFFIX,quanmama.com",DIRECT,"DOMAIN-SUFFIX,quanmama.com",REJECT
direct,"DOMAIN-SUFFIX,qudajie.com",DIRECT,"DOMAIN-SUFFIX,qudajie.com",REJECT
direct,"DOMAIN-SUFFIX,qujishu.com",DIRECT,"DOMAIN-SUFFIX,qujishu.com",REJECT
direct,"DOMAIN-SUFFIX,qutaovip.com",DIRECT,"DOMAIN-SUFFIX,qutaovip.com",REJECT
direct,"DOMAIN-SUFFIX,qxwoiv.com",DIRECT,"DOMAIN-SUFFIX,qxwoiv.com",REJECT
direct,"DOMAIN-SUFFIX,ranfenghd.com",DIRECT,"DOMAIN-SUFFIX,ranfenghd.com",REJECT
direct,"DOMAIN-SUFFIX,rkcfmfm97.com",DIRECT,"DOMAIN-SUFFIX,rkcfmfm97.com",REJECT
direct,"DOMAIN-SUFFIX,rtbasia.com",DIRECT,"DOMAIN-SUFFIX,rtbasia.com",REJECT
direct,"DOMAIN-SUFFIX,rtbwave.com",DIRECT,"DOMAIN-SUFFIX,rtbwave.com",REJECT
direct,"DOMAIN-SUFFIX,rumt-sg.com",DIRECT,"DOMAIN-SUFFIX,rumt-sg.com",REJECT
direct,"DOMAIN-SUFFIX,rumt-zh.com",DIRECT,"DOMAIN-SUFFIX,rumt-zh.com",REJECT
direct,"DOMAIN-SUFFIX,s0p6s02x28.com",DIRECT,"DOMAIN-SUFFIX,s0p6s02x28.com",REJECT
direct,"DOMAIN-SUFFIX,saxysec.com",DIRECT,"DOMAIN-SUFFIX,saxysec.com",REJECT
direct,"DOMAIN-SUFFIX,sbird.xyz",DIRECT,"DOMAIN-SUFFIX,sbird.xyz",REJECT
direct,"DOMAIN-SUFFIX,sellfox.com",DIRECT,"DOMAIN-SUFFIX,sellfox.com",REJECT
direct,"DOMAIN-SUFFIX,shenshiads.com",DIRECT,"DOMAIN-SUFFIX,shenshiads.com",REJECT
direct,"DOMAIN-SUFFIX,shuiguo.com",DIRECT,"DOMAIN-SUFFIX,shuiguo.com",REJECT
direct,"DOMAIN-SUFFIX,shujupie.com",DIRECT,"DOMAIN-SUFFIX,shujupie.com",REJECT
direct,"DOMAIN-SUFFIX,shuqistat.com",DIRECT,"DOMAIN-SUFFIX,shuqistat.com",REJECT
direct,"DOMAIN-SUFFIX,sigmob.com",DIRECT,"DOMAIN-SUFFIX,sigmob.com",REJECT
direct,"DOMAIN-SUFFIX,simicloud.com",DIRECT,"DOMAIN-SUFFIX,simicloud.com",REJECT
direct,"DOMAIN-SUFFIX,sinawap.com",DIRECT,"DOMAIN-SUFFIX,sinawap.com",REJECT
direct,"DOMAIN-SUFFIX,sirweara.com",DIRECT,"DOMAIN-SUFFIX,sirweara.com",REJECT
direct,"DOMAIN-SUFFIX,smucdn.com",DIRECT,"DOMAIN-SUFFIX,smucdn.com",REJECT
direct,"DOMAIN-SUFFIX,soarpower.com",DIRECT,"DOMAIN-SUFFIX,soarpower.com",REJECT
direct,"DOMAIN-SUFFIX,sobot.com",DIRECT,"DOMAIN-SUFFIX,sobot.com",REJECT
direct,"DOMAIN-SUFFIX,social-touch.com",DIRECT,"DOMAIN-SUFFIX,social-touch.com",REJECT
direct,"DOMAIN-SUFFIX,sodhef.com",DIRECT,"DOMAIN-SUFFIX,sodhef.com",REJECT
direct,"DOMAIN-SUFFIX,soperson.com",DIRECT,"DOMAIN-SUFFIX,soperson.com",REJECT
direct,"DOMAIN-SUFFIX,spst2.com",DIRECT,"DOMAIN-SUFFIX,spst2.com",REJECT
direct,"DOMAIN-SUFFIX,star8.net",DIRECT,"DOMAIN-SUFFIX,star8.net",REJECT
direct,"DOMAIN-SUFFIX,staticfile.net",DIRECT,"DOMAIN-SUFFIX,staticfile.net",REJECT
direct,"DOMAIN-SUFFIX,staticfile.org",DIRECT,"DOMAIN-SUFFIX,staticfile.org",REJECT
direct,"DOMAIN-SUFFIX,steamproxy.net",DIRECT,"DOMAIN-SUFFIX,steamproxy.net",REJECT
direct,"DOMAIN-SUFFIX,stg8.com",DIRECT,"DOMAIN-SUFFIX,stg8.com",REJECT
direct,"DOMAIN-SUFFIX,synacast.com",DIRECT,"DOMAIN-SUFFIX,synacast.com",REJECT
direct,"DOMAIN-SUFFIX,szbdyd.com",DIRECT,"DOMAIN-SUFFIX,szbdyd.com",REJECT
direct,"DOMAIN-SUFFIX,talkingdata.com",DIRECT,"DOMAIN-SUFFIX,talkingdata.com",REJECT
direct,"DOMAIN-SUFFIX,talkingdata.net",DIRECT,"DOMAIN-SUFFIX,talkingdata.net",REJECT
direct,"DOMAIN-SUFFIX,tanv.com",DIRECT,"DOMAIN-SUFFIX,tanv.com",REJECT
direct,"DOMAIN-SUFFIX,tapas.net",DIRECT,"DOMAIN-SUFFIX,tapas.net",REJECT
direct,"DOMAIN-SUFFIX,tapdb.com",DIRECT,"DOMAIN-SUFFIX,tapdb.com",REJECT
direct,"DOMAIN-SUFFIX,tapdb.net",DIRECT,"DOMAIN-SUFFIX,tapdb.net",REJECT
direct,"DOMAIN-SUFFIX,tb4gv2cp5z.com",DIRECT,"DOMAIN-SUFFIX,tb4gv2cp5z.com",REJECT
direct,"DOMAIN-SUFFIX,tdataspace.com",DIRECT,"DOMAIN-SUFFIX,tdataspace.com",REJECT
direct,"DOMAIN-SUFFIX,tecunonline.com",DIRECT,"DOMAIN-SUFFIX,tecunonline.com",REJECT
direct,"DOMAIN-SUFFIX,tencentapigw.com",DIRECT,"DOMAIN-SUFFIX,tencentapigw.com",REJECT
direct,"DOMAIN-SUFFIX,tencentmind.com",DIRECT,"DOMAIN-SUFFIX,tencentmind.com",REJECT
direct,"DOMAIN-SUFFIX,tianjimedia.com",DIRECT,"DOMAIN-SUFFIX,tianjimedia.com",REJECT
direct,"DOMAIN-SUFFIX,tianmidian.com",DIRECT,"DOMAIN-SUFFIX,tianmidian.com",REJECT
direct,"DOMAIN-SUFFIX,tianmu.mobi",DIRECT,"DOMAIN-SUFFIX,tianmu.mobi",REJECT
direct,"DOMAIN-SUFFIX,tiantiansoft.com",DIRECT,"DOMAIN-SUFFIX,tiantiansoft.com",REJECT
direct,"DOMAIN-SUFFIX,tiexing.com",DIRECT,"DOMAIN-SUFFIX,tiexing.com",REJECT
direct,"DOMAIN-SUFFIX,tingyun.com",DIRECT,"DOMAIN-SUFFIX,tingyun.com",REJECT
direct,"DOMAIN-SUFFIX,tiqcdn.com",DIRECT,"DOMAIN-SUFFIX,tiqcdn.com",REJECT
direct,"DOMAIN-SUFFIX,tjfytech.com",DIRECT,"DOMAIN-SUFFIX,tjfytech.com",REJECT
direct,"DOMAIN-SUFFIX,tjsptech.com",DIRECT,"DOMAIN-SUFFIX,tjsptech.com",REJECT
direct,"DOMAIN-SUFFIX,tk.anythinktech.com",DIRECT,"DOMAIN-SUFFIX,anythinktech.com",REJECT
direct,"DOMAIN-SUFFIX,tobsnssdk.com",DIRECT,"DOMAIN-SUFFIX,tobsnssdk.com",REJECT
direct,"DOMAIN-SUFFIX,tongdun.net",DIRECT,"DOMAIN-SUFFIX,tongdun.net",REJECT
direct,"DOMAIN-SUFFIX,touch-moblie.com",DIRECT,"DOMAIN-SUFFIX,touch-moblie.com",REJECT
direct,"DOMAIN-SUFFIX,touclick.com",DIRECT,"DOMAIN-SUFFIX,touclick.com",REJECT
direct,"DOMAIN-SUFFIX,toushibao.com",DIRECT,"DOMAIN-SUFFIX,toushibao.com",REJECT
direct,"DOMAIN-SUFFIX,toutiaopage.com",DIRECT,"DOMAIN-SUFFIX,toutiaopage.com",REJECT
direct,"DOMAIN-SUFFIX,trackingio.com",DIRECT,"DOMAIN-SUFFIX,trackingio.com",REJECT
direct,"DOMAIN-SUFFIX,tradplus.com",DIRECT,"DOMAIN-SUFFIX,tradplus.com",REJECT
direct,"DOMAIN-SUFFIX,tradplusad.com",DIRECT,"DOMAIN-SUFFIX,tradplusad.com",REJECT
direct,"DOMAIN-SUFFIX,trnox.com",DIRECT,"DOMAIN-SUFFIX,trnox.com",REJECT
direct,"DOMAIN-SUFFIX,trustutn.org",DIRECT,"DOMAIN-SUFFIX,trustutn.org",REJECT
direct,"DOMAIN-SUFFIX,ts166.net",DIRECT,"DOMAIN-SUFFIX,ts166.net",REJECT
direct,"DOMAIN-SUFFIX,tudou.com",DIRECT,"DOMAIN-SUFFIX,tudou.com",REJECT
direct,"DOMAIN-SUFFIX,twzui6.com",DIRECT,"DOMAIN-SUFFIX,twzui6.com",REJECT
direct,"DOMAIN-SUFFIX,u7u9.com",DIRECT,"DOMAIN-SUFFIX,u7u9.com",REJECT
direct,"DOMAIN-SUFFIX,ucfly.com",DIRECT,"DOMAIN-SUFFIX,ucfly.com",REJECT
direct,"DOMAIN-SUFFIX,ugdtimg.com",DIRECT,"DOMAIN-SUFFIX,ugdtimg.com",REJECT
direct,"DOMAIN-SUFFIX,uhabo.com",DIRECT,"DOMAIN-SUFFIX,uhabo.com",REJECT
direct,"DOMAIN-SUFFIX,ujian.cc",DIRECT,"DOMAIN-SUFFIX,ujian.cc",REJECT
direct,"DOMAIN-SUFFIX,ultrapay.net",DIRECT,"DOMAIN-SUFFIX,ultrapay.net",REJECT
direct,"DOMAIN-SUFFIX,umeng.com",DIRECT,"DOMAIN-SUFFIX,umeng.com",REJECT
direct,"DOMAIN-SUFFIX,umengcloud.com",DIRECT,"DOMAIN-SUFFIX,umengcloud.com",REJECT
direct,"DOMAIN-SUFFIX,umiwi.com",DIRECT,"DOMAIN-SUFFIX,umiwi.com",REJECT
direct,"DOMAIN-SUFFIX,umsns.com",DIRECT,"DOMAIN-SUFFIX,umsns.com",REJECT
direct,"DOMAIN-SUFFIX,umtrack.com",DIRECT,"DOMAIN-SUFFIX,umtrack.com",REJECT
direct,"DOMAIN-SUFFIX,unionli.com",DIRECT,"DOMAIN-SUFFIX,unionli.com",REJECT
direct,"DOMAIN-SUFFIX,unionsy.com",DIRECT,"DOMAIN-SUFFIX,unionsy.com",REJECT
direct,"DOMAIN-SUFFIX,ups.ksmobile.net",DIRECT,"DOMAIN-SUFFIX,ups.ksmobile.net",REJECT
direct,"DOMAIN-SUFFIX,uqz.com",DIRECT,"DOMAIN-SUFFIX,uqz.com",REJECT
direct,"DOMAIN-SUFFIX,uri6.com",DIRECT,"DOMAIN-SUFFIX,uri6.com",REJECT
direct,"DOMAIN-SUFFIX,ushaqi.com",DIRECT,"DOMAIN-SUFFIX,ushaqi.com",REJECT
direct,"DOMAIN-SUFFIX,uulucky.com",DIRECT,"DOMAIN-SUFFIX,uulucky.com",REJECT
direct,"DOMAIN-SUFFIX,uusee.com",DIRECT,"DOMAIN-SUFFIX,uusee.com",REJECT
direct,"DOMAIN-SUFFIX,uyunad.com",DIRECT,"DOMAIN-SUFFIX,uyunad.com",REJECT
direct,"DOMAIN-SUFFIX,uzzf.com",DIRECT,"DOMAIN-SUFFIX,uzzf.com",REJECT
direct,"DOMAIN-SUFFIX,v-vay.com",DIRECT,"DOMAIN-SUFFIX,v-vay.com",REJECT
direct,"DOMAIN-SUFFIX,v84tz11w7.com",DIRECT,"DOMAIN-SUFFIX,v84tz11w7.com",REJECT
direct,"DOMAIN-SUFFIX,vamaker.com",DIRECT,"DOMAIN-SUFFIX,vamaker.com",REJECT
direct,"DOMAIN-SUFFIX,vhgu5ivtew.com",DIRECT,"DOMAIN-SUFFIX,vhgu5ivtew.com",REJECT
direct,"DOMAIN-SUFFIX,vicp.cc",DIRECT,"DOMAIN-SUFFIX,vicp.cc",REJECT
direct,"DOMAIN-SUFFIX,videojj.com",DIRECT,"DOMAIN-SUFFIX,videojj.com",REJECT
direct,"DOMAIN-SUFFIX,vkoq4kyzmj.com",DIRECT,"DOMAIN-SUFFIX,vkoq4kyzmj.com",REJECT
direct,"DOMAIN-SUFFIX,vodone.com",DIRECT,"DOMAIN-SUFFIX,vodone.com",REJECT
direct,"DOMAIN-SUFFIX,volceapplog.com",DIRECT,"DOMAIN-SUFFIX,volceapplog.com",REJECT
direct,"DOMAIN-SUFFIX,vrbrothers.com",DIRECT,"DOMAIN-SUFFIX,vrbrothers.com",REJECT
direct,"DOMAIN-SUFFIX,vwe5pjt0jq.com",DIRECT,"DOMAIN-SUFFIX,vwe5pjt0jq.com",REJECT
direct,"DOMAIN-SUFFIX,webdissector.com",DIRECT,"DOMAIN-SUFFIX,webdissector.com",REJECT
direct,"DOMAIN-SUFFIX,webterren.com",DIRECT,"DOMAIN-SUFFIX,webterren.com",REJECT
direct,"DOMAIN-SUFFIX,wedolook.com",DIRECT,"DOMAIN-SUFFIX,wedolook.com",REJECT
direct,"DOMAIN-SUFFIX,winbaicai.com",DIRECT,"DOMAIN-SUFFIX,winbaicai.com",REJECT
direct,"DOMAIN-SUFFIX,wiyun.com",DIRECT,"DOMAIN-SUFFIX,wiyun.com",REJECT
direct,"DOMAIN-SUFFIX,wkanx.com",DIRECT,"DOMAIN-SUFFIX,wkanx.com",REJECT
direct,"DOMAIN-SUFFIX,wkzw.me",DIRECT,"DOMAIN-SUFFIX,wkzw.me",REJECT
direct,"DOMAIN-SUFFIX,wnp.com",DIRECT,"DOMAIN-SUFFIX,wnp.com",REJECT
direct,"DOMAIN-SUFFIX,woniu.com",DIRECT,"DOMAIN-SUFFIX,woniu.com",REJECT
direct,"DOMAIN-SUFFIX,wrating.com",DIRECT,"DOMAIN-SUFFIX,wrating.com",REJECT
direct,"DOMAIN-SUFFIX,ws.ksmobile.net",DIRECT,"DOMAIN-SUFFIX,ws.ksmobile.net",REJECT
direct,"DOMAIN-SUFFIX,wukongtongji.com",DIRECT,"DOMAIN-SUFFIX,wukongtongji.com",REJECT
direct,"DOMAIN-SUFFIX,wumii.com",DIRECT,"DOMAIN-SUFFIX,wumii.com",REJECT
direct,"DOMAIN-SUFFIX,wy213.com",DIRECT,"DOMAIN-SUFFIX,wy213.com",REJECT
direct,"DOMAIN-SUFFIX,xazbts.com",DIRECT,"DOMAIN-SUFFIX,xazbts.com",REJECT
direct,"DOMAIN-SUFFIX,xbtw.com",DIRECT,"DOMAIN-SUFFIX,xbtw.com",REJECT
direct,"DOMAIN-SUFFIX,xcultur.com",DIRECT,"DOMAIN-SUFFIX,xcultur.com",REJECT
direct,"DOMAIN-SUFFIX,xdrig.com",DIRECT,"DOMAIN-SUFFIX,xdrig.com",REJECT
direct,"DOMAIN-SUFFIX,xianshangzixun.com",DIRECT,"DOMAIN-SUFFIX,xianshangzixun.com",REJECT
direct,"DOMAIN-SUFFIX,xianshangzixun.net",DIRECT,"DOMAIN-SUFFIX,xianshangzixun.net",REJECT
direct,"DOMAIN-SUFFIX,xianzhice.com",DIRECT,"DOMAIN-SUFFIX,xianzhice.com",REJECT
direct,"DOMAIN-SUFFIX,xiaobaixitong.com",DIRECT,"DOMAIN-SUFFIX,xiaobaixitong.com",REJECT
direct,"DOMAIN-SUFFIX,xiaoxiuapp.com",DIRECT,"DOMAIN-SUFFIX,xiaoxiuapp.com",REJECT
direct,"DOMAIN-SUFFIX,xiaozhen.com",DIRECT,"DOMAIN-SUFFIX,xiaozhen.com",REJECT
direct,"DOMAIN-SUFFIX,xibao100.com",DIRECT,"DOMAIN-SUFFIX,xibao100.com",REJECT
direct,"DOMAIN-SUFFIX,xiyouence.com",DIRECT,"DOMAIN-SUFFIX,xiyouence.com",REJECT
direct,"DOMAIN-SUFFIX,xn--w9q675dm1p7em.net",DIRECT,"DOMAIN-SUFFIX,xn--w9q675dm1p7em.net",REJECT
direct,"DOMAIN-SUFFIX,xshellcn.com",DIRECT,"DOMAIN-SUFFIX,xshellcn.com",REJECT
direct,"DOMAIN-SUFFIX,xuan5.com",DIRECT,"DOMAIN-SUFFIX,xuan5.com",REJECT
direct,"DOMAIN-SUFFIX,xukou.net",DIRECT,"DOMAIN-SUFFIX,xukou.net",REJECT
direct,"DOMAIN-SUFFIX,xulizui6.com",DIRECT,"DOMAIN-SUFFIX,xulizui6.com",REJECT
direct,"DOMAIN-SUFFIX,xvhttu3c9.com",DIRECT,"DOMAIN-SUFFIX,xvhttu3c9.com",REJECT
direct,"DOMAIN-SUFFIX,xy.com",DIRECT,"DOMAIN-SUFFIX,xy.com",REJECT
direct,"DOMAIN-SUFFIX,xycdn.com",DIRECT,"DOMAIN-SUFFIX,xycdn.com",REJECT
direct,"DOMAIN-SUFFIX,yccdn.com",DIRECT,"DOMAIN-SUFFIX,yccdn.com",REJECT
direct,"DOMAIN-SUFFIX,yd126.com",DIRECT,"DOMAIN-SUFFIX,yd126.com",REJECT
direct,"DOMAIN-SUFFIX,ydmob.com",DIRECT,"DOMAIN-SUFFIX,ydmob.com",REJECT
direct,"DOMAIN-SUFFIX,yeql3hzbd.com",DIRECT,"DOMAIN-SUFFIX,yeql3hzbd.com",REJECT
direct,"DOMAIN-SUFFIX,yfanads.com",DIRECT,"DOMAIN-SUFFIX,yfanads.com",REJECT
direct,"DOMAIN-SUFFIX,yhz18.com",DIRECT,"DOMAIN-SUFFIX,yhz18.com",REJECT
direct,"DOMAIN-SUFFIX,yihubaiying.com",DIRECT,"DOMAIN-SUFFIX,yihubaiying.com",REJECT
direct,"DOMAIN-SUFFIX,yijifen.com",DIRECT,"DOMAIN-SUFFIX,yijifen.com",REJECT
direct,"DOMAIN-SUFFIX,yijirecovery.com",DIRECT,"DOMAIN-SUFFIX,yijirecovery.com",REJECT
direct,"DOMAIN-SUFFIX,yingyankantu.com",DIRECT,"DOMAIN-SUFFIX,yingyankantu.com",REJECT
direct,"DOMAIN-SUFFIX,yiqifa.com",DIRECT,"DOMAIN-SUFFIX,yiqifa.com",REJECT
direct,"DOMAIN-SUFFIX,yiwk.com",DIRECT,"DOMAIN-SUFFIX,yiwk.com",REJECT
direct,"DOMAIN-SUFFIX,ymapp.com",DIRECT,"DOMAIN-SUFFIX,ymapp.com",REJECT
direct,"DOMAIN-SUFFIX,ymmobi.com",DIRECT,"DOMAIN-SUFFIX,ymmobi.com",REJECT
direct,"DOMAIN-SUFFIX,yocvn.com",DIRECT,"DOMAIN-SUFFIX,yocvn.com",REJECT
direct,"DOMAIN-SUFFIX,yodo1.com",DIRECT,"DOMAIN-SUFFIX,yodo1.com",REJECT
direct,"DOMAIN-SUFFIX,youmi.net",DIRECT,"DOMAIN-SUFFIX,youmi.net",REJECT
direct,"DOMAIN-SUFFIX,youngle.tech",DIRECT,"DOMAIN-SUFFIX,youngle.tech",REJECT
direct,"DOMAIN-SUFFIX,youxiaoad.com",DIRECT,"DOMAIN-SUFFIX,youxiaoad.com",REJECT
direct,"DOMAIN-SUFFIX,yoyi.tv",DIRECT,"DOMAIN-SUFFIX,yoyi.tv",REJECT
direct,"DOMAIN-SUFFIX,ys630.com",DIRECT,"DOMAIN-SUFFIX,ys630.com",REJECT
direct,"DOMAIN-SUFFIX,ysjwj.com",DIRECT,"DOMAIN-SUFFIX,ysjwj.com",REJECT
direct,"DOMAIN-SUFFIX,yumimobi.com",DIRECT,"DOMAIN-SUFFIX,yumimobi.com",REJECT
direct,"DOMAIN-SUFFIX,yunqishi8.com",DIRECT,"DOMAIN-SUFFIX,yunqishi8.com",REJECT
direct,"DOMAIN-SUFFIX,yunshipei.com",DIRECT,"DOMAIN-SUFFIX,yunshipei.com",REJECT
direct,"DOMAIN-SUFFIX,yunxish.com",DIRECT,"DOMAIN-SUFFIX,yunxish.com",REJECT
direct,"DOMAIN-SUFFIX,yur09130og.com",DIRECT,"DOMAIN-SUFFIX,yur09130og.com",REJECT
direct,"DOMAIN-SUFFIX,yur09140og.com",DIRECT,"DOMAIN-SUFFIX,yur09140og.com",REJECT
direct,"DOMAIN-SUFFIX,yxwg21lyyn.com",DIRECT,"DOMAIN-SUFFIX,yxwg21lyyn.com",REJECT
direct,"DOMAIN-SUFFIX,zamplus.com",DIRECT,"DOMAIN-SUFFIX,zamplus.com",REJECT
direct,"DOMAIN-SUFFIX,zantainet.com",DIRECT,"DOMAIN-SUFFIX,zantainet.com",REJECT
direct,"DOMAIN-SUFFIX,zazhipu.com",DIRECT,"DOMAIN-SUFFIX,zazhipu.com",REJECT
direct,"DOMAIN-SUFFIX,zhantai.com",DIRECT,"DOMAIN-SUFFIX,zhantai.com",REJECT
direct,"DOMAIN-SUFFIX,zhanzhang.net",DIRECT,"DOMAIN-SUFFIX,zhanzhang.net",REJECT
direct,"DOMAIN-SUFFIX,zhiziyun.com",DIRECT,"DOMAIN-SUFFIX,zhiziyun.com",REJECT
direct,"DOMAIN-SUFFIX,zhongkaowu.com",DIRECT,"DOMAIN-SUFFIX,zhongkaowu.com",REJECT
direct,"DOMAIN-SUFFIX,zhugeapi.com",DIRECT,"DOMAIN-SUFFIX,zhugeapi.com",REJECT
direct,"DOMAIN-SUFFIX,zhugeapi.net",DIRECT,"DOMAIN-SUFFIX,zhugeapi.net",REJECT
direct,"DOMAIN-SUFFIX,zhugeio.com",DIRECT,"DOMAIN-SUFFIX,zhugeio.com",REJECT
direct,"DOMAIN-SUFFIX,zhzzx.com",DIRECT,"DOMAIN-SUFFIX,zhzzx.com",REJECT
direct,"DOMAIN-SUFFIX,zoosnet.net",DIRECT,"DOMAIN-SUFFIX,zoosnet.net",REJECT
direct,"DOMAIN-SUFFIX,zoossoft.net",DIRECT,"DOMAIN-SUFFIX,zoossoft.net",REJECT
direct,"DOMAIN-SUFFIX,zsjxwj.com",DIRECT,"DOMAIN-SUFFIX,zsjxwj.com",REJECT
direct,"DOMAIN-SUFFIX,zyxyfy.com",DIRECT,"DOMAIN-SUFFIX,zyxyfy.com",REJECT
